Trade number,Type,Date and time,Signal,Price USD,Size (qty),Size (value),Net PnL GBP,Return %,Commission GBP,Favorable excursion GBP,Favorable excursion %,Adverse excursion GBP,Adverse excursion %,Cumulative PnL GBP,Cumulative PnL %,Duration (bars)
1,Exit long,05/01/2026 12:00,Exit Long 15M,191.43,1,190.21,0.91,0.64,0,0.91,0.64,-0.16,-0.11,0.91,0.09,11
1,Entry long,05/01/2026 09:15,Long 15M,190.21,1,190.21,0.91,0.64,0,0.91,0.64,-0.16,-0.11,0.91,0.09,11
2,Exit short,05/01/2026 19:00,Exit Short 15M,186.69,1,190.23,2.63,1.86,0,2.63,1.86,-0.49,-0.35,3.54,0.35,17
2,Entry short,05/01/2026 14:45,Short 15M,190.23,1,190.23,2.63,1.86,0,2.63,1.86,-0.49,-0.35,3.54,0.35,17
3,Exit short,06/01/2026 09:00,Exit Short 15M,189.05,1,187.79,-0.93,-0.67,0,0.41,0.3,-0.93,-0.67,2.61,0.26,9
3,Entry short,05/01/2026 22:45,Short 15M,187.79,1,187.79,-0.93,-0.67,0,0.41,0.3,-0.93,-0.67,2.61,0.26,9
4,Exit long,06/01/2026 14:15,Exit Long 15M,190.43,1,189.05,1.02,0.73,0,1.02,0.73,-0.05,-0.04,3.63,0.36,18
4,Entry long,06/01/2026 09:45,Long 15M,189.05,1,189.05,1.02,0.73,0,1.02,0.73,-0.05,-0.04,3.63,0.36,18
5,Exit short,06/01/2026 22:30,Exit Short 15M,187.8,1,189.11,0.97,0.69,0,1.68,1.21,-0.67,-0.48,4.6,0.46,26
5,Entry short,06/01/2026 16:00,Short 15M,189.11,1,189.11,0.97,0.69,0,1.68,1.21,-0.67,-0.48,4.6,0.46,26
6,Exit short,07/01/2026 11:45,Exit Short 15M,187.95,1,187.59,-0.27,-0.19,0,0.54,0.39,-0.27,-0.19,4.33,0.43,10
6,Entry short,07/01/2026 09:15,Short 15M,187.59,1,187.59,-0.27,-0.19,0,0.54,0.39,-0.27,-0.19,4.33,0.43,10
7,Exit short,07/01/2026 22:15,Exit Short 15M,189.19,1,188.88,-0.23,-0.16,0,0.1,0.07,-0.29,-0.21,4.1,0.41,8
7,Entry short,07/01/2026 20:15,Short 15M,188.88,1,188.88,-0.23,-0.16,0,0.1,0.07,-0.29,-0.21,4.1,0.41,8
8,Exit long,08/01/2026 09:15,Exit Long 15M,189.51,1,189.76,-0.19,-0.13,0,0.33,0.24,-0.25,-0.17,3.91,0.39,1
8,Entry long,08/01/2026 09:00,Long 15M,189.76,1,189.76,-0.19,-0.13,0,0.33,0.24,-0.25,-0.17,3.91,0.39,1
9,Exit short,08/01/2026 14:45,Exit Short 15M,186.67,1,189.12,1.82,1.3,0,1.82,1.3,-0.32,-0.23,5.73,0.57,1
9,Entry short,08/01/2026 14:30,Short 15M,189.12,1,189.12,1.82,1.3,0,1.82,1.3,-0.32,-0.23,5.73,0.57,1
10,Exit short,08/01/2026 19:45,Exit Short 15M,184.91,1,184.25,-0.49,-0.36,0,0.4,0.29,-0.49,-0.36,5.24,0.52,9
10,Entry short,08/01/2026 17:30,Short 15M,184.25,1,184.25,-0.49,-0.36,0,0.4,0.29,-0.49,-0.36,5.24,0.52,9
11,Exit short,09/01/2026 13:30,Exit Short 15M,186.14,1,185.57,-0.42,-0.31,0,0.12,0.09,-0.42,-0.31,4.82,0.48,5
11,Entry short,09/01/2026 12:15,Short 15M,185.57,1,185.57,-0.42,-0.31,0,0.12,0.09,-0.42,-0.31,4.82,0.48,5
12,Exit long,09/01/2026 20:30,Exit Long 15M,185.29,1,185.86,-0.42,-0.31,0,0.16,0.12,-0.42,-0.31,4.39,0.44,5
12,Entry long,09/01/2026 19:15,Long 15M,185.86,1,185.86,-0.42,-0.31,0,0.16,0.12,-0.42,-0.31,4.39,0.44,5
13,Exit short,09/01/2026 23:00,Exit Short 15M,184.98,1,184.88,-0.07,-0.05,0,0.04,0.03,-0.12,-0.09,4.32,0.43,8
13,Entry short,09/01/2026 21:00,Short 15M,184.88,1,184.88,-0.07,-0.05,0,0.04,0.03,-0.12,-0.09,4.32,0.43,8
14,Exit long,13/01/2026 12:00,Exit Long 15M,184.92,1,185.25,-0.25,-0.18,0,0.36,0.26,-0.25,-0.18,4.08,0.41,11
14,Entry long,13/01/2026 09:15,Long 15M,185.25,1,185.25,-0.25,-0.18,0,0.36,0.26,-0.25,-0.18,4.08,0.41,11
15,Exit short,13/01/2026 13:15,Exit Short 15M,185.28,1,184.94,-0.25,-0.18,0,0.23,0.17,-0.25,-0.18,3.82,0.38,4
15,Entry short,13/01/2026 12:15,Short 15M,184.94,1,184.94,-0.25,-0.18,0,0.23,0.17,-0.25,-0.18,3.82,0.38,4
16,Exit long,13/01/2026 14:00,Exit Long 15M,185.33,1,185.83,-0.37,-0.27,0,0.01,0.01,-0.37,-0.27,3.45,0.35,1
16,Entry long,13/01/2026 13:45,Long 15M,185.83,1,185.83,-0.37,-0.27,0,0.01,0.01,-0.37,-0.27,3.45,0.35,1
17,Exit short,13/01/2026 16:30,Exit Short 15M,186.15,1,185.01,-0.85,-0.62,0,1.2,0.87,-0.85,-0.62,2.6,0.26,8
17,Entry short,13/01/2026 14:30,Short 15M,185.01,1,185.01,-0.85,-0.62,0,1.2,0.87,-0.85,-0.62,2.6,0.26,8
18,Exit long,13/01/2026 17:45,Exit Long 15M,185.41,1,186.68,-0.94,-0.68,0,1.05,0.76,-0.94,-0.68,1.66,0.17,4
18,Entry long,13/01/2026 16:45,Long 15M,186.68,1,186.68,-0.94,-0.68,0,1.05,0.76,-0.94,-0.68,1.66,0.17,4
19,Exit short,13/01/2026 20:45,Exit Short 15M,185.42,1,184.91,-0.38,-0.28,0,0.51,0.37,-0.38,-0.28,1.28,0.13,11
19,Entry short,13/01/2026 18:00,Short 15M,184.91,1,184.91,-0.38,-0.28,0,0.51,0.37,-0.38,-0.28,1.28,0.13,11
20,Exit long,14/01/2026 09:00,Exit Long 15M,185.57,1,185.79,-0.16,-0.12,0,0.16,0.11,-0.28,-0.2,1.12,0.11,16
20,Entry long,13/01/2026 21:00,Long 15M,185.79,1,185.79,-0.16,-0.12,0,0.16,0.11,-0.28,-0.2,1.12,0.11,16
21,Exit short,14/01/2026 12:00,Exit Short 15M,184.17,1,185.3,0.84,0.61,0,0.95,0.69,-0.01,-0.01,1.96,0.2,11
21,Entry short,14/01/2026 09:15,Short 15M,185.3,1,185.3,0.84,0.61,0,0.95,0.69,-0.01,-0.01,1.96,0.2,11
22,Exit long,14/01/2026 22:30,Exit Long 15M,182.71,1,183.21,-0.37,-0.27,0,0.18,0.13,-0.37,-0.27,1.59,0.16,6
22,Entry long,14/01/2026 21:00,Long 15M,183.21,1,183.21,-0.37,-0.27,0,0.18,0.13,-0.37,-0.27,1.59,0.16,6
23,Exit long,15/01/2026 14:30,Exit Long 15M,188.29,1,186,1.7,1.23,0,1.7,1.23,-0.26,-0.19,3.29,0.33,2
23,Entry long,15/01/2026 14:00,Long 15M,186,1,186,1.7,1.23,0,1.7,1.23,-0.26,-0.19,3.29,0.33,2
24,Exit long,16/01/2026 09:00,Exit Long 15M,188.25,1,187.72,0.4,0.28,0,0.4,0.28,-0.07,-0.05,3.69,0.37,1
24,Entry long,16/01/2026 00:45,Long 15M,187.72,1,187.72,0.4,0.28,0,0.4,0.28,-0.07,-0.05,3.69,0.37,1
25,Exit long,16/01/2026 15:15,Exit Long 15M,188.07,1,189.07,-0.75,-0.53,0,1.02,0.72,-0.75,-0.53,2.94,0.29,3
25,Entry long,16/01/2026 14:30,Long 15M,189.07,1,189.07,-0.75,-0.53,0,1.02,0.72,-0.75,-0.53,2.94,0.29,3
26,Exit short,16/01/2026 18:45,Exit Short 15M,188.12,1,187.63,-0.37,-0.26,0,0.4,0.28,-0.56,-0.4,2.57,0.26,13
26,Entry short,16/01/2026 15:30,Short 15M,187.63,1,187.63,-0.37,-0.26,0,0.4,0.28,-0.56,-0.4,2.57,0.26,13
27,Exit short,20/01/2026 14:30,Exit Short 15M,182.27,1,181.58,-0.51,-0.38,0,0.57,0.42,-0.51,-0.38,2.06,0.21,2
27,Entry short,20/01/2026 14:00,Short 15M,181.58,1,181.58,-0.51,-0.38,0,0.57,0.42,-0.51,-0.38,2.06,0.21,2
28,Exit short,21/01/2026 10:15,Exit Short 15M,179.28,1,178.83,-0.33,-0.25,0,0,0,-0.33,-0.25,1.73,0.17,1
28,Entry short,21/01/2026 10:00,Short 15M,178.83,1,178.83,-0.33,-0.25,0,0,0,-0.33,-0.25,1.73,0.17,1
29,Exit short,21/01/2026 14:00,Exit Short 15M,179.18,1,178.55,-0.47,-0.35,0,0.45,0.34,-0.47,-0.35,1.26,0.13,8
29,Entry short,21/01/2026 12:00,Short 15M,178.55,1,178.55,-0.47,-0.35,0,0.45,0.34,-0.47,-0.35,1.26,0.13,8
30,Exit long,21/01/2026 14:30,Exit Long 15M,179.05,1,180.28,-0.92,-0.68,0,0.15,0.11,-0.95,-0.71,0.34,0.03,1
30,Entry long,21/01/2026 14:15,Long 15M,180.28,1,180.28,-0.92,-0.68,0,0.15,0.11,-0.95,-0.71,0.34,0.03,1
31,Exit long,22/01/2026 00:45,Exit Long 15M,183.82,1,182.98,0.63,0.46,0,1.78,1.31,-0.08,-0.06,0.97,0.1,21
31,Entry long,21/01/2026 19:30,Long 15M,182.98,1,182.98,0.63,0.46,0,1.78,1.31,-0.08,-0.06,0.97,0.1,21
32,Exit long,22/01/2026 11:15,Exit Long 15M,184.73,1,185.1,-0.28,-0.2,0,0.3,0.22,-0.31,-0.23,0.69,0.07,8
32,Entry long,22/01/2026 09:15,Long 15M,185.1,1,185.1,-0.28,-0.2,0,0.3,0.22,-0.31,-0.23,0.69,0.07,8
33,Exit long,22/01/2026 17:45,Exit Long 15M,184.43,1,185.08,-0.48,-0.35,0,0.81,0.59,-0.48,-0.35,0.21,0.02,7
33,Entry long,22/01/2026 16:00,Long 15M,185.08,1,185.08,-0.48,-0.35,0,0.81,0.59,-0.48,-0.35,0.21,0.02,7
34,Exit short,22/01/2026 20:45,Exit Short 15M,184.64,1,184.11,-0.39,-0.29,0,0.13,0.1,-0.39,-0.29,-0.19,-0.02,1
34,Entry short,22/01/2026 20:30,Short 15M,184.11,1,184.11,-0.39,-0.29,0,0.13,0.1,-0.39,-0.29,-0.19,-0.02,1
35,Exit long,23/01/2026 13:15,Exit Long 15M,187.11,1,187.95,-0.62,-0.45,0,0.41,0.29,-0.79,-0.57,-0.81,-0.08,8
35,Entry long,23/01/2026 11:15,Long 15M,187.95,1,187.95,-0.62,-0.45,0,0.41,0.29,-0.79,-0.57,-0.81,-0.08,8
36,Exit short,26/01/2026 09:45,Exit Short 15M,185.71,1,186.58,0.64,0.47,0,0.64,0.47,-0.06,-0.04,-0.17,-0.02,2
36,Entry short,26/01/2026 09:15,Short 15M,186.58,1,186.58,0.64,0.47,0,0.64,0.47,-0.06,-0.04,-0.17,-0.02,2
37,Exit long,27/01/2026 14:30,Exit Long 15M,187.04,1,187.25,-0.15,-0.11,0,0.52,0.38,-0.16,-0.12,-0.32,-0.03,21
37,Entry long,27/01/2026 09:15,Long 15M,187.25,1,187.25,-0.15,-0.11,0,0.52,0.38,-0.16,-0.12,-0.32,-0.03,21
38,Exit long,27/01/2026 17:30,Exit Long 15M,189.68,1,187.64,1.49,1.09,0,1.73,1.26,-0.11,-0.08,1.17,0.12,10
38,Entry long,27/01/2026 15:00,Long 15M,187.64,1,187.64,1.49,1.09,0,1.73,1.26,-0.11,-0.08,1.17,0.12,10
39,Exit long,28/01/2026 09:00,Exit Long 15M,191.54,1,189.45,1.51,1.1,0,1.51,1.1,-0.18,-0.13,2.68,0.27,1
39,Entry long,28/01/2026 00:45,Long 15M,189.45,1,189.45,1.51,1.1,0,1.51,1.1,-0.18,-0.13,2.68,0.27,1
40,Exit long,28/01/2026 15:30,Exit Long 15M,191.18,1,192.14,-0.69,-0.5,0,0.15,0.11,-0.69,-0.5,1.98,0.2,3
40,Entry long,28/01/2026 14:45,Long 15M,192.14,1,192.14,-0.69,-0.5,0,0.15,0.11,-0.69,-0.5,1.98,0.2,3
41,Exit long,28/01/2026 19:15,Exit Long 15M,191.38,1,191.93,-0.4,-0.29,0,0.2,0.15,-0.4,-0.29,1.59,0.16,1
41,Entry long,28/01/2026 19:00,Long 15M,191.93,1,191.93,-0.4,-0.29,0,0.2,0.15,-0.4,-0.29,1.59,0.16,1
42,Exit short,29/01/2026 11:30,Long 15M,191.22,1,191.04,-0.13,-0.09,0,0.75,0.54,-0.36,-0.26,1.46,0.15,15
42,Entry short,28/01/2026 23:45,Short 15M,191.04,1,191.04,-0.13,-0.09,0,0.75,0.54,-0.36,-0.26,1.46,0.15,15
43,Exit long,29/01/2026 14:30,Exit Long 15M,190.82,1,191.22,-0.29,-0.21,0,0.41,0.29,-0.29,-0.21,1.17,0.12,12
43,Entry long,29/01/2026 11:30,Long 15M,191.22,1,191.22,-0.29,-0.21,0,0.41,0.29,-0.29,-0.21,1.17,0.12,12
44,Exit short,29/01/2026 18:15,Long 15M,190.61,1,190.61,0,0,0,3.3,2.39,-1.06,-0.77,1.17,0.12,14
44,Entry short,29/01/2026 14:45,Short 15M,190.61,1,190.61,0,0,0,3.3,2.39,-1.06,-0.77,1.17,0.12,14
45,Exit long,29/01/2026 23:15,Short 15M,190.71,1,190.61,0.07,0.05,0,1.64,1.19,-0.65,-0.47,1.24,0.12,20
45,Entry long,29/01/2026 18:15,Long 15M,190.61,1,190.61,0.07,0.05,0,1.64,1.19,-0.65,-0.47,1.24,0.12,20
46,Exit short,29/01/2026 23:30,Exit Short 15M,191.31,1,190.71,-0.43,-0.31,0,0.07,0.05,-0.57,-0.41,0.8,0.08,1
46,Entry short,29/01/2026 23:15,Short 15M,190.71,1,190.71,-0.43,-0.31,0,0.07,0.05,-0.57,-0.41,0.8,0.08,1
47,Exit short,30/01/2026 20:45,Exit Short 15M,191.69,1,190.81,-0.64,-0.46,0,0.96,0.7,-0.64,-0.46,0.17,0.02,3
47,Entry short,30/01/2026 20:00,Short 15M,190.81,1,190.81,-0.64,-0.46,0,0.96,0.7,-0.64,-0.46,0.17,0.02,3
48,Exit long,30/01/2026 21:45,Exit Long 15M,190.46,1,191.38,-0.67,-0.48,0,0.09,0.06,-0.67,-0.48,-0.5,-0.05,3
48,Entry long,30/01/2026 21:00,Long 15M,191.38,1,191.38,-0.67,-0.48,0,0.09,0.06,-0.67,-0.48,-0.5,-0.05,3
49,Exit short,31/01/2026 00:45,Exit Short 15M,190.23,1,189.93,-0.22,-0.16,0,0.3,0.22,-0.22,-0.16,-0.72,-0.07,3
49,Entry short,31/01/2026 00:00,Short 15M,189.93,1,189.93,-0.22,-0.16,0,0.3,0.22,-0.22,-0.16,-0.72,-0.07,3
50,Exit short,02/02/2026 11:30,Exit Short 15M,187.82,1,187.3,-0.38,-0.28,0,0.12,0.09,-0.57,-0.42,-1.1,-0.11,9
50,Entry short,02/02/2026 09:15,Short 15M,187.3,1,187.3,-0.38,-0.28,0,0.12,0.09,-0.57,-0.42,-1.1,-0.11,9
51,Exit short,02/02/2026 17:00,Exit Short 15M,189.47,1,188.23,-0.91,-0.66,0,1.32,0.96,-0.94,-0.68,-2,-0.2,13
51,Entry short,02/02/2026 13:45,Short 15M,188.23,1,188.23,-0.91,-0.66,0,1.32,0.96,-0.94,-0.68,-2,-0.2,13
52,Exit short,02/02/2026 21:00,Exit Short 15M,183.83,1,187.44,2.64,1.93,0,2.64,1.93,-0.15,-0.11,0.63,0.06,4
52,Entry short,02/02/2026 20:00,Short 15M,187.44,1,187.44,2.64,1.93,0,2.64,1.93,-0.15,-0.11,0.63,0.06,4
53,Exit short,03/02/2026 14:45,Exit Short 15M,183.18,1,186.21,2.22,1.63,0,2.51,1.84,-0.04,-0.03,2.85,0.29,1
53,Entry short,03/02/2026 14:30,Short 15M,186.21,1,186.21,2.22,1.63,0,2.51,1.84,-0.04,-0.03,2.85,0.29,1
54,Exit short,04/02/2026 14:30,Exit Short 15M,178.16,1,180.36,1.61,1.22,0,1.61,1.22,-0.23,-0.18,4.46,0.45,5
54,Entry short,04/02/2026 13:15,Short 15M,180.36,1,180.36,1.61,1.22,0,1.61,1.22,-0.23,-0.18,4.46,0.45,5
55,Exit short,05/02/2026 12:45,Exit Short 15M,173.41,1,177,2.63,2.03,0,2.63,2.03,-0.2,-0.15,7.09,0.71,5
55,Entry short,05/02/2026 11:30,Short 15M,177,1,177,2.63,2.03,0,2.63,2.03,-0.2,-0.15,7.09,0.71,5
56,Exit short,05/02/2026 21:00,Exit Short 15M,173.47,1,172.26,-0.89,-0.7,0,0.9,0.71,-0.89,-0.7,6.2,0.62,2
56,Entry short,05/02/2026 20:30,Short 15M,172.26,1,172.26,-0.89,-0.7,0,0.9,0.71,-0.89,-0.7,6.2,0.62,2
57,Exit long,06/02/2026 11:15,Exit Long 15M,177.54,1,174.33,2.37,1.84,0,2.56,1.99,-0.1,-0.07,8.57,0.86,8
57,Entry long,06/02/2026 09:15,Long 15M,174.33,1,174.33,2.37,1.84,0,2.56,1.99,-0.1,-0.07,8.57,0.86,8
58,Exit long,09/02/2026 13:30,Exit Long 15M,184.23,1,184.88,-0.48,-0.35,0,0.24,0.18,-0.48,-0.35,8.1,0.81,1
58,Entry long,09/02/2026 13:15,Long 15M,184.88,1,184.88,-0.48,-0.35,0,0.24,0.18,-0.48,-0.35,8.1,0.81,1
59,Exit long,10/02/2026 11:15,Exit Long 15M,190.8,1,191.15,-0.26,-0.18,0,0.21,0.15,-0.29,-0.21,7.84,0.78,8
59,Entry long,10/02/2026 09:15,Long 15M,191.15,1,191.15,-0.26,-0.18,0,0.21,0.15,-0.29,-0.21,7.84,0.78,8
60,Exit short,11/02/2026 11:00,Exit Short 15M,188.88,1,188.44,-0.32,-0.23,0,0.32,0.23,-0.32,-0.23,7.52,0.75,5
60,Entry short,11/02/2026 09:45,Short 15M,188.44,1,188.44,-0.32,-0.23,0,0.32,0.23,-0.32,-0.23,7.52,0.75,5
61,Exit long,11/02/2026 13:30,Exit Long 15M,191.12,1,189.12,1.47,1.06,0,1.47,1.06,-0.09,-0.06,8.98,0.9,9
61,Entry long,11/02/2026 11:15,Long 15M,189.12,1,189.12,1.47,1.06,0,1.47,1.06,-0.09,-0.06,8.98,0.9,9
62,Exit long,11/02/2026 18:15,Exit Long 15M,191.21,1,192.1,-0.65,-0.46,0,0.13,0.09,-0.65,-0.46,8.33,0.83,2
62,Entry long,11/02/2026 17:45,Long 15M,192.1,1,192.1,-0.65,-0.46,0,0.13,0.09,-0.65,-0.46,8.33,0.83,2
63,Exit short,11/02/2026 23:00,Exit Short 15M,190.36,1,190.05,-0.23,-0.16,0,0.21,0.15,-0.34,-0.25,8.1,0.81,8
63,Entry short,11/02/2026 21:00,Short 15M,190.05,1,190.05,-0.23,-0.16,0,0.21,0.15,-0.34,-0.25,8.1,0.81,8
64,Exit long,12/02/2026 11:15,Exit Long 15M,191.97,1,190.84,0.83,0.59,0,0.83,0.59,-0.07,-0.05,8.93,0.89,9
64,Entry long,12/02/2026 09:00,Long 15M,190.84,1,190.84,0.83,0.59,0,0.83,0.59,-0.07,-0.05,8.93,0.89,9
65,Exit short,13/02/2026 22:45,Exit Short 15M,182.96,1,184.25,0.95,0.7,0,1.95,1.44,-1.39,-1.03,9.88,0.99,32
65,Entry short,13/02/2026 14:45,Short 15M,184.25,1,184.25,0.95,0.7,0,1.95,1.44,-1.39,-1.03,9.88,0.99,32
66,Exit short,17/02/2026 11:30,Exit Short 15M,181.43,1,180.89,-0.4,-0.3,0,0.32,0.24,-0.4,-0.3,9.48,0.95,3
66,Entry short,17/02/2026 10:45,Short 15M,180.89,1,180.89,-0.4,-0.3,0,0.32,0.24,-0.4,-0.3,9.48,0.95,3
67,Exit short,17/02/2026 15:45,Exit Short 15M,181.11,1,179.29,-1.34,-1.02,0,0.08,0.06,-1.34,-1.02,8.15,0.81,3
67,Entry short,17/02/2026 15:00,Short 15M,179.29,1,179.29,-1.34,-1.02,0,0.08,0.06,-1.34,-1.02,8.15,0.81,3
68,Exit long,17/02/2026 21:15,Exit Long 15M,187.33,1,184.24,2.27,1.68,0,2.27,1.68,-0.77,-0.57,10.42,1.04,20
68,Entry long,17/02/2026 16:15,Long 15M,184.24,1,184.24,2.27,1.68,0,2.27,1.68,-0.77,-0.57,10.42,1.04,20
69,Exit long,17/02/2026 22:15,Exit Long 15M,186.51,1,187.83,-0.97,-0.7,0,0.04,0.03,-0.97,-0.7,9.44,0.94,3
69,Entry long,17/02/2026 21:30,Long 15M,187.83,1,187.83,-0.97,-0.7,0,0.04,0.03,-0.97,-0.7,9.44,0.94,3
70,Exit long,18/02/2026 09:00,Exit Long 15M,188.05,1,186.45,1.18,0.86,0,1.18,0.86,-0.26,-0.19,10.62,1.06,1
70,Entry long,18/02/2026 00:45,Long 15M,186.45,1,186.45,1.18,0.86,0,1.18,0.86,-0.26,-0.19,10.62,1.06,1
71,Exit short,18/02/2026 22:45,Exit Short 15M,188.35,1,187.9,-0.33,-0.24,0,0.83,0.6,-0.45,-0.32,10.29,1.03,12
71,Entry short,18/02/2026 19:45,Short 15M,187.9,1,187.9,-0.33,-0.24,0,0.83,0.6,-0.45,-0.32,10.29,1.03,12
72,Exit long,19/02/2026 16:45,Exit Long 15M,186.55,1,187.88,-0.99,-0.71,0,0.41,0.29,-0.99,-0.71,9.3,0.93,6
72,Entry long,19/02/2026 15:15,Long 15M,187.88,1,187.88,-0.99,-0.71,0,0.41,0.29,-0.99,-0.71,9.3,0.93,6
73,Exit short,19/02/2026 18:45,Exit Short 15M,186.6,1,185.95,-0.48,-0.35,0,0.07,0.05,-0.48,-0.35,8.82,0.88,3
73,Entry short,19/02/2026 18:00,Short 15M,185.95,1,185.95,-0.48,-0.35,0,0.07,0.05,-0.48,-0.35,8.82,0.88,3
74,Exit long,19/02/2026 21:45,Exit Long 15M,187.31,1,187.89,-0.43,-0.31,0,0.23,0.16,-0.43,-0.31,8.39,0.84,3
74,Entry long,19/02/2026 21:00,Long 15M,187.89,1,187.89,-0.43,-0.31,0,0.23,0.16,-0.43,-0.31,8.39,0.84,3
75,Exit long,20/02/2026 15:00,Exit Long 15M,187.02,1,188.06,-0.77,-0.55,0,0.47,0.33,-0.77,-0.55,7.62,0.76,1
75,Entry long,20/02/2026 14:45,Long 15M,188.06,1,188.06,-0.77,-0.55,0,0.47,0.33,-0.77,-0.55,7.62,0.76,1
76,Exit long,23/02/2026 10:15,Exit Long 15M,189.72,1,190.25,-0.39,-0.28,0,0.25,0.18,-0.39,-0.28,7.23,0.72,3
76,Entry long,23/02/2026 09:30,Long 15M,190.25,1,190.25,-0.39,-0.28,0,0.25,0.18,-0.39,-0.28,7.23,0.72,3
77,Exit long,23/02/2026 14:30,Exit Long 15M,192.9,1,190.63,1.68,1.19,0,1.68,1.19,-0.16,-0.12,8.91,0.89,4
77,Entry long,23/02/2026 13:30,Long 15M,190.63,1,190.63,1.68,1.19,0,1.68,1.19,-0.16,-0.12,8.91,0.89,4
78,Exit long,24/02/2026 09:00,Exit Long 15M,192.45,1,191.64,0.6,0.42,0,0.6,0.42,-0.17,-0.12,9.51,0.95,16
78,Entry long,23/02/2026 21:00,Long 15M,191.64,1,191.64,0.6,0.42,0,0.6,0.42,-0.17,-0.12,9.51,0.95,16
79,Exit long,24/02/2026 14:45,Exit Long 15M,190.2,1,191.49,-0.96,-0.67,0,0.42,0.3,-3.03,-2.14,8.55,0.86,1
79,Entry long,24/02/2026 14:30,Long 15M,191.49,1,191.49,-0.96,-0.67,0,0.42,0.3,-3.03,-2.14,8.55,0.86,1
80,Exit short,24/02/2026 15:15,Exit Short 15M,191.25,1,189.73,-1.13,-0.8,0,0.12,0.08,-1.15,-0.82,7.43,0.74,1
80,Entry short,24/02/2026 15:00,Short 15M,189.73,1,189.73,-1.13,-0.8,0,0.12,0.08,-1.15,-0.82,7.43,0.74,1
81,Exit long,24/02/2026 20:45,Exit Long 15M,193.66,1,192,1.23,0.86,0,1.3,0.91,-0.21,-0.15,8.66,0.87,21
81,Entry long,24/02/2026 15:30,Long 15M,192,1,192,1.23,0.86,0,1.3,0.91,-0.21,-0.15,8.66,0.87,21
82,Exit long,25/02/2026 22:00,Exit Long 15M,198.7,1,201.54,-2.09,-1.41,0,0.16,0.11,-2.09,-1.41,6.56,0.66,1
82,Entry long,25/02/2026 21:45,Long 15M,201.54,1,201.54,-2.09,-1.41,0,0.16,0.11,-2.09,-1.41,6.56,0.66,1
83,Exit long,26/02/2026 10:30,Exit Long 15M,197.14,1,198.29,-0.85,-0.58,0,0.52,0.35,-0.85,-0.58,5.72,0.57,5
83,Entry long,26/02/2026 09:15,Long 15M,198.29,1,198.29,-0.85,-0.58,0,0.52,0.35,-0.85,-0.58,5.72,0.57,5
84,Exit short,26/02/2026 14:30,Exit Short 15M,192,1,196.61,3.4,2.34,0,3.4,2.34,-0.11,-0.08,9.12,0.91,1
84,Entry short,26/02/2026 14:15,Short 15M,196.61,1,196.61,3.4,2.34,0,3.4,2.34,-0.11,-0.08,9.12,0.91,1
85,Exit short,27/02/2026 12:30,Exit Short 15M,183.81,1,185.61,1.33,0.97,0,1.33,0.97,-0.45,-0.33,10.45,1.05,9
85,Entry short,27/02/2026 10:15,Short 15M,185.61,1,185.61,1.33,0.97,0,1.33,0.97,-0.45,-0.33,10.45,1.05,9
86,Exit long,02/03/2026 18:45,Exit Long 15M,182.44,1,179.53,2.16,1.62,0,2.91,2.19,-0.47,-0.35,12.61,1.26,16
86,Entry long,02/03/2026 14:45,Long 15M,179.53,1,179.53,2.16,1.62,0,2.91,2.19,-0.47,-0.35,12.61,1.26,16
87,Exit short,03/03/2026 16:00,Exit Short 15M,179.18,1,177.36,-1.36,-1.03,0,0.33,0.25,-1.36,-1.03,11.25,1.13,1
87,Entry short,03/03/2026 15:45,Short 15M,177.36,1,177.36,-1.36,-1.03,0,0.33,0.25,-1.36,-1.03,11.25,1.13,1
88,Exit long,03/03/2026 19:15,Exit Long 15M,179.61,1,180.58,-0.72,-0.54,0,0.17,0.13,-0.72,-0.54,10.53,1.05,2
88,Entry long,03/03/2026 18:45,Long 15M,180.58,1,180.58,-0.72,-0.54,0,0.17,0.13,-0.72,-0.54,10.53,1.05,2
89,Exit long,05/03/2026 00:15,Exit Long 15M,183.49,1,182.17,0.99,0.72,0,1.89,1.39,-0.28,-0.2,11.51,1.15,36
89,Entry long,04/03/2026 15:15,Long 15M,182.17,1,182.17,0.99,0.72,0,1.89,1.39,-0.28,-0.2,11.51,1.15,36
90,Exit long,05/03/2026 09:00,Exit Long 15M,182.65,1,183.68,-0.77,-0.56,0,0.04,0.03,-0.77,-0.56,10.74,1.07,1
90,Entry long,05/03/2026 00:45,Long 15M,183.68,1,183.68,-0.77,-0.56,0,0.04,0.03,-0.77,-0.56,10.74,1.07,1
91,Exit short,05/03/2026 14:15,Exit Short 15M,181.16,1,182.75,1.19,0.87,0,1.19,0.87,-0.19,-0.14,11.93,1.19,19
91,Entry short,05/03/2026 09:30,Short 15M,182.75,1,182.75,1.19,0.87,0,1.19,0.87,-0.19,-0.14,11.93,1.19,19
92,Exit long,05/03/2026 15:30,Exit Long 15M,181.28,1,182.47,-0.89,-0.65,0,0.24,0.18,-0.89,-0.65,11.04,1.1,2
92,Entry long,05/03/2026 15:00,Long 15M,182.47,1,182.47,-0.89,-0.65,0,0.24,0.18,-0.89,-0.65,11.04,1.1,2
93,Exit short,05/03/2026 20:15,Exit Short 15M,182.31,1,181.1,-0.9,-0.67,0,2.39,1.77,-0.9,-0.67,10.14,1.01,11
93,Entry short,05/03/2026 17:30,Short 15M,181.1,1,181.1,-0.9,-0.67,0,2.39,1.77,-0.9,-0.67,10.14,1.01,11
94,Exit short,06/03/2026 11:15,Exit Short 15M,181.26,1,182.95,1.27,0.92,0,1.27,0.92,0,0,11.4,1.14,9
94,Entry short,06/03/2026 09:00,Short 15M,182.95,1,182.95,1.27,0.92,0,1.27,0.92,0,0,11.4,1.14,9
95,Exit short,06/03/2026 20:15,Exit Short 15M,177.1,1,180.14,2.28,1.69,0,2.28,1.69,-0.13,-0.1,13.68,1.37,2
95,Entry short,06/03/2026 19:45,Short 15M,180.14,1,180.14,2.28,1.69,0,2.28,1.69,-0.13,-0.1,13.68,1.37,2
96,Exit long,10/03/2026 10:15,Exit Long 15M,182.68,1,183.18,-0.37,-0.27,0,0.54,0.39,-0.37,-0.27,13.31,1.33,8
96,Entry long,10/03/2026 08:15,Long 15M,183.18,1,183.18,-0.37,-0.27,0,0.54,0.39,-0.37,-0.27,13.31,1.33,8
97,Exit long,10/03/2026 14:00,Exit Long 15M,182.51,1,183.36,-0.63,-0.46,0,0.38,0.28,-0.65,-0.48,12.67,1.27,1
97,Entry long,10/03/2026 13:45,Long 15M,183.36,1,183.36,-0.63,-0.46,0,0.38,0.28,-0.65,-0.48,12.67,1.27,1
98,Exit long,11/03/2026 08:45,Exit Long 15M,184.97,1,185.35,-0.28,-0.21,0,0.19,0.13,-0.28,-0.21,12.39,1.24,2
98,Entry long,11/03/2026 08:15,Long 15M,185.35,1,185.35,-0.28,-0.21,0,0.19,0.13,-0.28,-0.21,12.39,1.24,2
99,Exit long,11/03/2026 12:30,Exit Long 15M,184.84,1,185.28,-0.33,-0.24,0,0.29,0.21,-0.33,-0.24,12.06,1.21,6
99,Entry long,11/03/2026 11:00,Long 15M,185.28,1,185.28,-0.33,-0.24,0,0.29,0.21,-0.33,-0.24,12.06,1.21,6
100,Exit long,11/03/2026 15:30,Short 15M,185.08,1,185.9,-0.61,-0.44,0,1.28,0.93,-0.72,-0.52,11.45,1.15,8
100,Entry long,11/03/2026 13:30,Long 15M,185.9,1,185.9,-0.61,-0.44,0,1.28,0.93,-0.72,-0.52,11.45,1.15,8
101,Exit short,11/03/2026 16:30,Exit Short 15M,186.05,1,185.08,-0.72,-0.52,0,0.18,0.13,-0.72,-0.52,10.73,1.07,4
101,Entry short,11/03/2026 15:30,Short 15M,185.08,1,185.08,-0.72,-0.52,0,0.18,0.13,-0.72,-0.52,10.73,1.07,4
102,Exit short,12/03/2026 13:45,Exit Short 15M,182.84,1,184.75,1.42,1.03,0,1.42,1.03,-0.08,-0.06,12.15,1.22,5
102,Entry short,12/03/2026 12:30,Short 15M,184.75,1,184.75,1.42,1.03,0,1.42,1.03,-0.08,-0.06,12.15,1.22,5
103,Exit short,13/03/2026 08:30,Exit Short 15M,182.62,1,182.2,-0.31,-0.23,0,0.04,0.03,-0.31,-0.23,11.84,1.18,1
103,Entry short,13/03/2026 08:15,Short 15M,182.2,1,182.2,-0.31,-0.23,0,0.04,0.03,-0.31,-0.23,11.84,1.18,1
104,Exit short,13/03/2026 17:45,Exit Short 15M,181.21,1,183.99,2.08,1.51,0,2.45,1.78,-0.25,-0.18,13.92,1.39,14
104,Entry short,13/03/2026 14:15,Short 15M,183.99,1,183.99,2.08,1.51,0,2.45,1.78,-0.25,-0.18,13.92,1.39,14
105,Exit long,16/03/2026 12:30,Exit Long 15M,183.32,1,181.9,1.08,0.78,0,1.11,0.81,-0.27,-0.19,15,1.5,17
105,Entry long,16/03/2026 08:15,Long 15M,181.9,1,181.9,1.08,0.78,0,1.11,0.81,-0.27,-0.19,15,1.5,17
106,Exit long,16/03/2026 19:30,Short 15M,181.85,1,185.52,-2.78,-1.98,0,0.35,0.25,-2.9,-2.06,12.22,1.22,1
106,Entry long,16/03/2026 19:15,Long 15M,185.52,1,185.52,-2.78,-1.98,0,0.35,0.25,-2.9,-2.06,12.22,1.22,1
107,Exit short,16/03/2026 21:45,Exit Short 15M,182.74,1,181.85,-0.67,-0.49,0,0.33,0.24,-1.74,-1.26,11.54,1.15,9
107,Entry short,16/03/2026 19:30,Short 15M,181.85,1,181.85,-0.67,-0.49,0,0.33,0.24,-1.74,-1.26,11.54,1.15,9
108,Exit long,17/03/2026 08:30,Exit Long 15M,183.06,1,183.4,-0.26,-0.19,0,0.04,0.03,-0.26,-0.19,11.29,1.13,1
108,Entry long,17/03/2026 08:15,Long 15M,183.4,1,183.4,-0.26,-0.19,0,0.04,0.03,-0.26,-0.19,11.29,1.13,1
109,Exit long,18/03/2026 16:30,Exit Long 15M,182.25,1,182.95,-0.52,-0.38,0,0.02,0.02,-0.52,-0.38,10.76,1.08,5
109,Entry long,18/03/2026 15:15,Long 15M,182.95,1,182.95,-0.52,-0.38,0,0.02,0.02,-0.52,-0.38,10.76,1.08,5
110,Exit short,18/03/2026 22:15,Exit Short 15M,180.09,1,181.22,0.85,0.62,0,0.98,0.72,-0.34,-0.25,11.62,1.16,13
110,Entry short,18/03/2026 19:00,Short 15M,181.22,1,181.22,0.85,0.62,0,0.98,0.72,-0.34,-0.25,11.62,1.16,13
111,Exit short,19/03/2026 13:30,Exit Short 15M,176.56,1,178.92,1.78,1.32,0,1.78,1.32,-0.06,-0.04,13.39,1.34,7
111,Entry short,19/03/2026 11:45,Short 15M,178.92,1,178.92,1.78,1.32,0,1.78,1.32,-0.06,-0.04,13.39,1.34,7
112,Exit short,20/03/2026 13:15,Exit Short 15M,179.05,1,178.54,-0.38,-0.29,0,1.15,0.86,-0.38,-0.29,13.02,1.3,19
112,Entry short,20/03/2026 08:30,Short 15M,178.54,1,178.54,-0.38,-0.29,0,1.15,0.86,-0.38,-0.29,13.02,1.3,19
113,Exit short,23/03/2026 11:00,Exit Short 15M,172.26,1,171.57,-0.52,-0.4,0,0.8,0.62,-0.52,-0.4,12.5,1.25,11
113,Entry short,23/03/2026 08:15,Short 15M,171.57,1,171.57,-0.52,-0.4,0,0.8,0.62,-0.52,-0.4,12.5,1.25,11
114,Exit long,23/03/2026 11:45,Exit Long 15M,175.61,1,177.62,-1.51,-1.13,0,0.2,0.15,-1.51,-1.13,10.99,1.1,2
114,Entry long,23/03/2026 11:15,Long 15M,177.62,1,177.62,-1.51,-1.13,0,0.2,0.15,-1.51,-1.13,10.99,1.1,2
115,Exit short,23/03/2026 17:45,Exit Short 15M,176.06,1,175.11,-0.71,-0.54,0,0.26,0.2,-0.71,-0.54,10.28,1.03,7
115,Entry short,23/03/2026 16:00,Short 15M,175.11,1,175.11,-0.71,-0.54,0,0.26,0.2,-0.71,-0.54,10.28,1.03,7
116,Exit long,24/03/2026 08:30,Exit Long 15M,175.84,1,176.3,-0.34,-0.26,0,0.11,0.09,-0.35,-0.27,9.94,0.99,1
116,Entry long,24/03/2026 08:15,Long 15M,176.3,1,176.3,-0.34,-0.26,0,0.11,0.09,-0.35,-0.27,9.94,0.99,1
117,Exit short,24/03/2026 10:15,Long 15M,175.91,1,175.65,-0.19,-0.15,0,0.45,0.34,-0.26,-0.2,9.74,0.97,5
117,Entry short,24/03/2026 09:00,Short 15M,175.65,1,175.65,-0.19,-0.15,0,0.45,0.34,-0.26,-0.2,9.74,0.97,5
118,Exit long,24/03/2026 11:45,Exit Long 15M,175.48,1,175.91,-0.32,-0.24,0,0.31,0.24,-0.32,-0.24,9.42,0.94,6
118,Entry long,24/03/2026 10:15,Long 15M,175.91,1,175.91,-0.32,-0.24,0,0.31,0.24,-0.32,-0.24,9.42,0.94,6
119,Exit short,24/03/2026 13:30,Exit Short 15M,175.43,1,174.76,-0.5,-0.38,0,0.31,0.23,-0.5,-0.38,8.93,0.89,3
119,Entry short,24/03/2026 12:45,Short 15M,174.76,1,174.76,-0.5,-0.38,0,0.31,0.23,-0.5,-0.38,8.93,0.89,3
120,Exit long,24/03/2026 19:30,Exit Long 15M,175.13,1,175.79,-0.49,-0.38,0,0.07,0.05,-0.49,-0.38,8.43,0.84,3
120,Entry long,24/03/2026 18:45,Long 15M,175.79,1,175.79,-0.49,-0.38,0,0.07,0.05,-0.49,-0.38,8.43,0.84,3
121,Exit long,25/03/2026 14:00,Exit Long 15M,178.12,1,179.22,-0.82,-0.61,0,0.01,0.01,-0.86,-0.64,7.61,0.76,1
121,Entry long,25/03/2026 13:45,Long 15M,179.22,1,179.22,-0.82,-0.61,0,0.01,0.01,-0.86,-0.64,7.61,0.76,1
122,Exit short,25/03/2026 22:45,Exit Short 15M,178.28,1,178.11,-0.13,-0.1,0,0,0,-0.13,-0.1,7.49,0.75,1
122,Entry short,25/03/2026 22:30,Short 15M,178.11,1,178.11,-0.13,-0.1,0,0,0,-0.13,-0.1,7.49,0.75,1
123,Exit short,27/03/2026 13:30,Exit Short 15M,169.3,1,171.99,2.02,1.56,0,2.02,1.56,-0.29,-0.23,9.5,0.95,20
123,Entry short,27/03/2026 08:30,Short 15M,171.99,1,171.99,2.02,1.56,0,2.02,1.56,-0.29,-0.23,9.5,0.95,20
124,Exit long,30/03/2026 11:45,Short 15M,168.08,1,168.48,-0.3,-0.24,0,0.76,0.6,-0.3,-0.24,9.2,0.92,10
124,Entry long,30/03/2026 09:15,Long 15M,168.48,1,168.48,-0.3,-0.24,0,0.76,0.6,-0.3,-0.24,9.2,0.92,10
125,Exit short,30/03/2026 12:00,Exit Short 15M,168.61,1,168.08,-0.4,-0.32,0,0.06,0.05,-0.4,-0.32,8.8,0.88,1
125,Entry short,30/03/2026 11:45,Short 15M,168.08,1,168.08,-0.4,-0.32,0,0.06,0.05,-0.4,-0.32,8.8,0.88,1
126,Exit long,30/03/2026 13:00,Exit Long 15M,168.42,1,169.21,-0.6,-0.47,0,0.11,0.08,-0.6,-0.47,8.21,0.82,2
126,Entry long,30/03/2026 12:30,Long 15M,169.21,1,169.21,-0.6,-0.47,0,0.11,0.08,-0.6,-0.47,8.21,0.82,2
127,Exit short,30/03/2026 19:30,Exit Short 15M,165.64,1,167.88,1.69,1.33,0,1.73,1.36,-0.27,-0.21,9.9,0.99,19
127,Entry short,30/03/2026 14:45,Short 15M,167.88,1,167.88,1.69,1.33,0,1.73,1.36,-0.27,-0.21,9.9,0.99,19
128,Exit long,31/03/2026 11:30,Exit Long 15M,166.42,1,166.8,-0.29,-0.23,0,0.15,0.12,-0.31,-0.25,9.61,0.96,9
128,Entry long,31/03/2026 09:15,Long 15M,166.8,1,166.8,-0.29,-0.23,0,0.15,0.12,-0.31,-0.25,9.61,0.96,9
129,Exit short,31/03/2026 12:00,Exit Short 15M,166.34,1,165.9,-0.33,-0.27,0,0.07,0.05,-0.33,-0.27,9.27,0.93,1
129,Entry short,31/03/2026 11:45,Short 15M,165.9,1,165.9,-0.33,-0.27,0,0.07,0.05,-0.33,-0.27,9.27,0.93,1
130,Exit long,31/03/2026 14:45,Exit Long 15M,169.66,1,166.7,2.25,1.78,0,2.25,1.78,-0.08,-0.06,11.52,1.15,10
130,Entry long,31/03/2026 12:15,Long 15M,166.7,1,166.7,2.25,1.78,0,2.25,1.78,-0.08,-0.06,11.52,1.15,10
131,Exit long,01/04/2026 18:30,Exit Long 15M,176.61,1,177.11,-0.38,-0.28,0,0.2,0.15,-0.38,-0.28,11.14,1.11,6
131,Entry long,01/04/2026 17:00,Long 15M,177.11,1,177.11,-0.38,-0.28,0,0.2,0.15,-0.38,-0.28,11.14,1.11,6
132,Exit long,01/04/2026 23:00,Exit Long 15M,175.83,1,176.09,-0.2,-0.15,0,0.11,0.09,-0.44,-0.33,10.95,1.09,9
132,Entry long,01/04/2026 20:45,Long 15M,176.09,1,176.09,-0.2,-0.15,0,0.11,0.09,-0.44,-0.33,10.95,1.09,9
133,Exit short,02/04/2026 14:30,Exit Short 15M,172.61,1,171.8,-0.61,-0.47,0,1.19,0.93,-0.61,-0.47,10.34,1.03,21
133,Entry short,02/04/2026 09:15,Short 15M,171.8,1,171.8,-0.61,-0.47,0,1.19,0.93,-0.61,-0.47,10.34,1.03,21
134,Exit long,06/04/2026 22:15,Exit Long 15M,177.4,1,177.64,-0.18,-0.14,0,0,0,-0.2,-0.15,10.16,1.02,5
134,Entry long,06/04/2026 21:00,Long 15M,177.64,1,177.64,-0.18,-0.14,0,0,0,-0.2,-0.15,10.16,1.02,5
135,Exit short,07/04/2026 09:00,Exit Short 15M,177.16,1,176.92,-0.18,-0.14,0,0.39,0.29,-0.18,-0.14,9.97,1,6
135,Entry short,06/04/2026 23:30,Short 15M,176.92,1,176.92,-0.18,-0.14,0,0.39,0.29,-0.18,-0.14,9.97,1,6
136,Exit long,07/04/2026 10:00,Exit Long 15M,176.75,1,177.15,-0.3,-0.23,0,0.2,0.15,-0.3,-0.23,9.67,0.97,2
136,Entry long,07/04/2026 09:30,Long 15M,177.15,1,177.15,-0.3,-0.23,0,0.2,0.15,-0.3,-0.23,9.67,0.97,2
137,Exit short,07/04/2026 20:30,Long 15M,176.25,1,176.62,0.28,0.21,0,2.24,1.68,-0.28,-0.21,9.95,1,37
137,Entry short,07/04/2026 11:15,Short 15M,176.62,1,176.62,0.28,0.21,0,2.24,1.68,-0.28,-0.21,9.95,1,37
138,Exit long,07/04/2026 22:45,Exit Long 15M,178.54,1,176.25,1.73,1.3,0,1.75,1.31,-0.12,-0.09,11.68,1.17,9
138,Entry long,07/04/2026 20:30,Long 15M,176.25,1,176.25,1.73,1.3,0,1.75,1.31,-0.12,-0.09,11.68,1.17,9
139,Exit long,10/04/2026 14:30,Exit Long 15M,184.82,1,183.06,1.31,0.96,0,1.31,0.96,-0.11,-0.08,12.99,1.3,12
139,Entry long,10/04/2026 11:30,Long 15M,183.06,1,183.06,1.31,0.96,0,1.31,0.96,-0.11,-0.08,12.99,1.3,12
140,Exit long,13/04/2026 09:15,Short 15M,185.93,1,185.5,0.32,0.23,0,0.52,0.38,-0.37,-0.27,13.31,1.33,1
140,Entry long,13/04/2026 09:00,Long 15M,185.5,1,185.5,0.32,0.23,0,0.52,0.38,-0.37,-0.27,13.31,1.33,1
141,Exit short,13/04/2026 10:15,Exit Short 15M,186.67,1,185.93,-0.55,-0.4,0,0.05,0.04,-0.55,-0.4,12.76,1.28,4
141,Entry short,13/04/2026 09:15,Short 15M,185.93,1,185.93,-0.55,-0.4,0,0.05,0.04,-0.55,-0.4,12.76,1.28,4
142,Exit long,13/04/2026 20:45,Exit Long 15M,189.34,1,188.02,0.98,0.7,0,1.22,0.87,-0.3,-0.21,13.74,1.37,23
142,Entry long,13/04/2026 15:00,Long 15M,188.02,1,188.02,0.98,0.7,0,1.22,0.87,-0.3,-0.21,13.74,1.37,23
143,Exit long,14/04/2026 14:15,Exit Long 15M,190.07,1,190.48,-0.3,-0.22,0,0.3,0.21,-0.3,-0.22,13.44,1.34,8
143,Entry long,14/04/2026 12:15,Long 15M,190.48,1,190.48,-0.3,-0.22,0,0.3,0.21,-0.3,-0.22,13.44,1.34,8
144,Exit long,15/04/2026 12:30,Exit Long 15M,195.9,1,196.52,-0.46,-0.32,0,0.01,0.01,-0.46,-0.32,12.98,1.3,1
144,Entry long,15/04/2026 12:15,Long 15M,196.52,1,196.52,-0.46,-0.32,0,0.01,0.01,-0.46,-0.32,12.98,1.3,1
145,Exit long,15/04/2026 16:45,Exit Long 15M,199.87,1,196.53,2.46,1.7,0,2.54,1.76,-0.2,-0.14,15.44,1.54,9
145,Entry long,15/04/2026 14:30,Long 15M,196.53,1,196.53,2.46,1.7,0,2.54,1.76,-0.2,-0.14,15.44,1.54,9
146,Exit long,16/04/2026 09:00,Exit Long 15M,199.85,1,198.24,1.19,0.81,0,1.19,0.81,-0.27,-0.19,16.63,1.66,18
146,Entry long,15/04/2026 20:30,Long 15M,198.24,1,198.24,1.19,0.81,0,1.19,0.81,-0.27,-0.19,16.63,1.66,18
147,Exit long,16/04/2026 17:30,Exit Long 15M,197.75,1,198.67,-0.68,-0.46,0,0.87,0.59,-0.68,-0.46,15.95,1.6,6
147,Entry long,16/04/2026 16:00,Long 15M,198.67,1,198.67,-0.68,-0.46,0,0.87,0.59,-0.68,-0.46,15.95,1.6,6
148,Exit long,17/04/2026 16:45,Exit Long 15M,200.36,1,201.47,-0.82,-0.55,0,0,0,-1.23,-0.83,15.13,1.51,6
148,Entry long,17/04/2026 15:15,Long 15M,201.47,1,201.47,-0.82,-0.55,0,0,0,-1.23,-0.83,15.13,1.51,6
149,Exit short,20/04/2026 11:15,Exit Short 15M,199.31,1,198.91,-0.3,-0.2,0,0.1,0.07,-0.41,-0.28,14.84,1.48,8
149,Entry short,20/04/2026 09:15,Short 15M,198.91,1,198.91,-0.3,-0.2,0,0.1,0.07,-0.41,-0.28,14.84,1.48,8
150,Exit short,20/04/2026 19:00,Exit Short 15M,200.11,1,199.58,-0.39,-0.27,0,1.29,0.87,-0.41,-0.28,14.44,1.44,15
150,Entry short,20/04/2026 15:15,Short 15M,199.58,1,199.58,-0.39,-0.27,0,1.29,0.87,-0.41,-0.28,14.44,1.44,15
151,Exit long,20/04/2026 20:45,Exit Long 15M,201.96,1,200.31,1.22,0.82,0,1.22,0.82,-0.07,-0.04,15.66,1.57,6
151,Entry long,20/04/2026 19:15,Long 15M,200.31,1,200.31,1.22,0.82,0,1.22,0.82,-0.07,-0.04,15.66,1.57,6
152,Exit short,21/04/2026 21:00,Exit Short 15M,200.32,1,199.36,-0.71,-0.48,0,0.05,0.04,-0.71,-0.48,14.96,1.5,1
152,Entry short,21/04/2026 20:45,Short 15M,199.36,1,199.36,-0.71,-0.48,0,0.05,0.04,-0.71,-0.48,14.96,1.5,1
153,Exit long,22/04/2026 09:30,Exit Long 15M,200.92,1,201.22,-0.22,-0.15,0,0.01,0,-0.27,-0.18,14.73,1.47,1
153,Entry long,22/04/2026 09:15,Long 15M,201.22,1,201.22,-0.22,-0.15,0,0.01,0,-0.27,-0.18,14.73,1.47,1
154,Exit short,22/04/2026 14:15,Exit Short 15M,201.07,1,200.54,-0.39,-0.26,0,0.1,0.07,-0.39,-0.26,14.34,1.43,1
154,Entry short,22/04/2026 14:00,Short 15M,200.54,1,200.54,-0.39,-0.26,0,0.1,0.07,-0.39,-0.26,14.34,1.43,1
155,Exit long,22/04/2026 23:00,Exit Long 15M,202.4,1,201.38,0.76,0.51,0,0.86,0.58,-0.33,-0.22,15.1,1.51,27
155,Entry long,22/04/2026 16:15,Long 15M,201.38,1,201.38,0.76,0.51,0,0.86,0.58,-0.33,-0.22,15.1,1.51,27
156,Exit short,23/04/2026 12:30,Exit Short 15M,201.68,1,201.3,-0.28,-0.19,0,0.59,0.39,-0.28,-0.19,14.81,1.48,13
156,Entry short,23/04/2026 09:15,Short 15M,201.3,1,201.3,-0.28,-0.19,0,0.59,0.39,-0.28,-0.19,14.81,1.48,13
157,Exit short,24/04/2026 14:45,Long 15M,201.75,1,199.91,-1.37,-0.92,0,0.07,0.05,-2.46,-1.66,13.45,1.34,1
157,Entry short,24/04/2026 14:30,Short 15M,199.91,1,199.91,-1.37,-0.92,0,0.07,0.05,-2.46,-1.66,13.45,1.34,1
158,Exit long,24/04/2026 15:45,Exit Long 15M,208.22,1,201.75,4.8,3.21,0,4.8,3.21,-0.45,-0.3,18.25,1.83,4
158,Entry long,24/04/2026 14:45,Long 15M,201.75,1,201.75,4.8,3.21,0,4.8,3.21,-0.45,-0.3,18.25,1.83,4
159,Exit long,27/04/2026 18:45,Exit Long 15M,215.31,1,211.05,3.15,2.02,0,3.15,2.02,-0.04,-0.03,21.4,2.14,6
159,Entry long,27/04/2026 17:15,Long 15M,211.05,1,211.05,3.15,2.02,0,3.15,2.02,-0.04,-0.03,21.4,2.14,6
160,Exit short,28/04/2026 17:45,Exit Short 15M,210.41,1,209.08,-0.98,-0.64,0,0.36,0.23,-1.16,-0.75,20.42,2.04,5
160,Entry short,28/04/2026 16:30,Short 15M,209.08,1,209.08,-0.98,-0.64,0,0.36,0.23,-1.16,-0.75,20.42,2.04,5
161,Exit long,29/04/2026 09:00,Exit Long 15M,213.5,1,212.2,0.96,0.61,0,1.86,1.19,-0.04,-0.03,21.38,2.14,23
161,Entry long,28/04/2026 19:15,Long 15M,212.2,1,212.2,0.96,0.61,0,1.86,1.19,-0.04,-0.03,21.38,2.14,23
162,Exit long,29/04/2026 14:15,Exit Long 15M,212.73,1,213.29,-0.41,-0.26,0,0.86,0.54,-0.51,-0.32,20.97,2.1,19
162,Entry long,29/04/2026 09:30,Long 15M,213.29,1,213.29,-0.41,-0.26,0,0.86,0.54,-0.51,-0.32,20.97,2.1,19
163,Exit short,30/04/2026 14:45,Exit Short 15M,205.9,1,209.97,3.02,1.94,0,3.32,2.13,-0.24,-0.16,23.98,2.4,1
163,Entry short,30/04/2026 14:30,Short 15M,209.97,1,209.97,3.02,1.94,0,3.32,2.13,-0.24,-0.16,23.98,2.4,1
164,Exit short,01/05/2026 22:15,Exit Short 15M,198.39,1,200.48,1.54,1.04,0,2.47,1.68,-0.1,-0.06,25.52,2.55,29
164,Entry short,01/05/2026 15:00,Short 15M,200.48,1,200.48,1.54,1.04,0,2.47,1.68,-0.1,-0.06,25.52,2.55,29
165,Exit long,04/05/2026 11:00,Exit Long 15M,199.03,1,199.59,-0.41,-0.28,0,0.15,0.1,-0.41,-0.28,25.11,2.51,7
165,Entry long,04/05/2026 09:15,Long 15M,199.59,1,199.59,-0.41,-0.28,0,0.15,0.1,-0.41,-0.28,25.11,2.51,7
166,Exit short,04/05/2026 11:30,Exit Short 15M,198.18,1,197.42,-0.56,-0.38,0,0.67,0.46,-0.56,-0.38,24.55,2.45,1
166,Entry short,04/05/2026 11:15,Short 15M,197.42,1,197.42,-0.56,-0.38,0,0.67,0.46,-0.56,-0.38,24.55,2.45,1
167,Exit short,04/05/2026 18:45,Exit Short 15M,198.39,1,197.37,-0.75,-0.52,0,1.94,1.33,-0.75,-0.52,23.8,2.38,13
167,Entry short,04/05/2026 15:30,Short 15M,197.37,1,197.37,-0.75,-0.52,0,1.94,1.33,-0.75,-0.52,23.8,2.38,13
168,Exit long,04/05/2026 19:30,Exit Long 15M,197.4,1,198.31,-0.67,-0.46,0,0.66,0.45,-0.67,-0.46,23.13,2.31,2
168,Entry long,04/05/2026 19:00,Long 15M,198.31,1,198.31,-0.67,-0.46,0,0.66,0.45,-0.67,-0.46,23.13,2.31,2
169,Exit long,05/05/2026 14:30,Exit Long 15M,198.62,1,199.14,-0.38,-0.26,0,0.62,0.42,-0.38,-0.26,22.74,2.27,5
169,Entry long,05/05/2026 13:15,Long 15M,199.14,1,199.14,-0.38,-0.26,0,0.62,0.42,-0.38,-0.26,22.74,2.27,5
170,Exit short,05/05/2026 19:45,Exit Short 15M,196.52,1,198.51,1.47,1,0,1.47,1,-0.38,-0.26,24.21,2.42,19
170,Entry short,05/05/2026 15:00,Short 15M,198.51,1,198.51,1.47,1,0,1.47,1,-0.38,-0.26,24.21,2.42,19
171,Exit short,05/05/2026 23:45,Exit Short 15M,196.8,1,196.1,-0.52,-0.36,0,0.44,0.31,-0.52,-0.36,23.7,2.37,3
171,Entry short,05/05/2026 23:00,Short 15M,196.1,1,196.1,-0.52,-0.36,0,0.44,0.31,-0.52,-0.36,23.7,2.37,3
172,Exit long,06/05/2026 21:15,Exit Long 15M,208.68,1,204.47,3.11,2.06,0,3.11,2.06,-1.15,-0.76,26.8,2.68,25
172,Entry long,06/05/2026 15:00,Long 15M,204.47,1,204.47,3.11,2.06,0,3.11,2.06,-1.15,-0.76,26.8,2.68,25
173,Exit long,07/05/2026 10:15,Exit Long 15M,208.54,1,209.47,-0.68,-0.44,0,0.21,0.13,-0.68,-0.44,26.12,2.61,4
173,Entry long,07/05/2026 09:15,Long 15M,209.47,1,209.47,-0.68,-0.44,0,0.21,0.13,-0.68,-0.44,26.12,2.61,4
174,Exit long,07/05/2026 14:30,Exit Long 15M,207.57,1,208.54,-0.71,-0.47,0,0.78,0.51,-0.71,-0.47,25.41,2.54,1
174,Entry long,07/05/2026 14:15,Long 15M,208.54,1,208.54,-0.71,-0.47,0,0.78,0.51,-0.71,-0.47,25.41,2.54,1
175,Exit short,07/05/2026 23:15,Exit Short 15M,210.9,1,209.92,-0.72,-0.47,0,0.02,0.01,-0.8,-0.51,24.68,2.47,1
175,Entry short,07/05/2026 23:00,Short 15M,209.92,1,209.92,-0.72,-0.47,0,0.02,0.01,-0.8,-0.51,24.68,2.47,1
176,Exit long,08/05/2026 13:15,Exit Long 15M,213.04,1,213.44,-0.3,-0.19,0,0.56,0.36,-0.69,-0.44,24.39,2.44,17
176,Entry long,08/05/2026 09:00,Long 15M,213.44,1,213.44,-0.3,-0.19,0,0.56,0.36,-0.69,-0.44,24.39,2.44,17
177,Exit long,08/05/2026 15:15,Exit Long 15M,215.24,1,216.78,-1.14,-0.71,0,0.75,0.47,-1.14,-0.71,23.25,2.33,2
177,Entry long,08/05/2026 14:45,Long 15M,216.78,1,216.78,-1.14,-0.71,0,0.75,0.47,-1.14,-0.71,23.25,2.33,2
178,Exit long,12/05/2026 00:45,Exit Long 15M,219.69,1,220,-0.23,-0.14,0,0.07,0.04,-0.23,-0.14,23.02,2.3,1
178,Entry long,12/05/2026 00:30,Long 15M,220,1,220,-0.23,-0.14,0,0.07,0.04,-0.23,-0.14,23.02,2.3,1
179,Exit short,12/05/2026 10:30,Exit Short 15M,217.78,1,216.85,-0.68,-0.43,0,0.4,0.25,-0.68,-0.43,22.34,2.23,5
179,Entry short,12/05/2026 09:15,Short 15M,216.85,1,216.85,-0.68,-0.43,0,0.4,0.25,-0.68,-0.43,22.34,2.23,5
180,Exit long,13/05/2026 00:30,Exit Long 15M,219.3,1,219.65,-0.26,-0.16,0,1.53,0.95,-0.47,-0.29,22.08,2.21,19
180,Entry long,12/05/2026 19:45,Long 15M,219.65,1,219.65,-0.26,-0.16,0,1.53,0.95,-0.47,-0.29,22.08,2.21,19
181,Exit long,13/05/2026 12:00,Exit Long 15M,225.2,1,225.83,-0.47,-0.28,0,0.63,0.38,-0.47,-0.28,21.62,2.16,11
181,Entry long,13/05/2026 09:15,Long 15M,225.83,1,225.83,-0.47,-0.28,0,0.63,0.38,-0.47,-0.28,21.62,2.16,11
182,Exit long,13/05/2026 18:45,Exit Long 15M,225.43,1,226.4,-0.72,-0.43,0,1.06,0.64,-0.72,-0.43,20.9,2.09,11
182,Entry long,13/05/2026 16:00,Long 15M,226.4,1,226.4,-0.72,-0.43,0,1.06,0.64,-0.72,-0.43,20.9,2.09,11
183,Exit long,14/05/2026 13:45,Exit Long 15M,230.21,1,231.09,-0.65,-0.38,0,0.1,0.06,-0.65,-0.38,20.25,2.02,1
183,Entry long,14/05/2026 13:30,Long 15M,231.09,1,231.09,-0.65,-0.38,0,0.1,0.06,-0.65,-0.38,20.25,2.02,1
184,Exit short,15/05/2026 14:30,Exit Short 15M,227.12,1,231.88,3.55,2.05,0,3.55,2.05,-0.1,-0.06,23.8,2.38,21
184,Entry short,15/05/2026 09:15,Short 15M,231.88,1,231.88,3.55,2.05,0,3.55,2.05,-0.1,-0.06,23.8,2.38,21
185,Exit short,15/05/2026 22:15,Exit Short 15M,225.1,1,228.69,2.68,1.57,0,3.25,1.9,-0.31,-0.18,26.48,2.65,10
185,Entry short,15/05/2026 19:45,Short 15M,228.69,1,228.69,2.68,1.57,0,3.25,1.9,-0.31,-0.18,26.48,2.65,10
186,Exit short,18/05/2026 12:30,Exit Short 15M,227.4,1,226.48,-0.69,-0.41,0,0.73,0.43,-0.69,-0.41,25.79,2.58,3
186,Entry short,18/05/2026 11:45,Short 15M,226.48,1,226.48,-0.69,-0.41,0,0.73,0.43,-0.69,-0.41,25.79,2.58,3
187,Exit long,18/05/2026 14:30,Exit Long 15M,227.03,1,228.19,-0.87,-0.51,0,1.85,1.08,-0.87,-0.51,24.92,2.49,7
187,Entry long,18/05/2026 12:45,Long 15M,228.19,1,228.19,-0.87,-0.51,0,1.85,1.08,-0.87,-0.51,24.92,2.49,7
188,Exit short,18/05/2026 19:30,Exit Short 15M,219.36,1,224.27,3.69,2.19,0,3.79,2.25,-1.67,-0.99,28.6,2.86,19
188,Entry short,18/05/2026 14:45,Short 15M,224.27,1,224.27,3.69,2.19,0,3.79,2.25,-1.67,-0.99,28.6,2.86,19
189,Exit short,19/05/2026 14:00,Exit Short 15M,219.65,1,221.97,1.73,1.05,0,1.8,1.09,-0.58,-0.35,30.33,3.03,20
189,Entry short,19/05/2026 09:00,Short 15M,221.97,1,221.97,1.73,1.05,0,1.8,1.09,-0.58,-0.35,30.33,3.03,20
190,Exit long,19/05/2026 15:00,Exit Long 15M,219.91,1,221.62,-1.27,-0.77,0,0.89,0.54,-1.27,-0.77,29.06,2.91,1
190,Entry long,19/05/2026 14:45,Long 15M,221.62,1,221.62,-1.27,-0.77,0,0.89,0.54,-1.27,-0.77,29.06,2.91,1
191,Exit short,19/05/2026 15:45,Exit Short 15M,220.91,1,218.65,-1.68,-1.03,0,0.54,0.33,-1.68,-1.03,27.38,2.74,2
191,Entry short,19/05/2026 15:15,Short 15M,218.65,1,218.65,-1.68,-1.03,0,0.54,0.33,-1.68,-1.03,27.38,2.74,2
192,Exit long,19/05/2026 20:15,Exit Long 15M,221.87,1,223.13,-0.94,-0.56,0,1.01,0.61,-0.94,-0.56,26.44,2.64,10
192,Entry long,19/05/2026 17:45,Long 15M,223.13,1,223.13,-0.94,-0.56,0,1.01,0.61,-0.94,-0.56,26.44,2.64,10
193,Exit short,19/05/2026 22:30,Exit Short 15M,221.77,1,220.66,-0.83,-0.5,0,0.1,0.06,-0.83,-0.51,25.61,2.56,6
193,Entry short,19/05/2026 21:00,Short 15M,220.66,1,220.66,-0.83,-0.5,0,0.1,0.06,-0.83,-0.51,25.61,2.56,6
194,Exit long,20/05/2026 14:15,Exit Long 15M,223.15,1,223.8,-0.49,-0.29,0,0.96,0.57,-0.49,-0.29,25.13,2.51,20
194,Entry long,20/05/2026 09:15,Long 15M,223.8,1,223.8,-0.49,-0.29,0,0.96,0.57,-0.49,-0.29,25.13,2.51,20
195,Exit long,20/05/2026 19:30,Exit Long 15M,223.57,1,224.35,-0.58,-0.35,0,1.32,0.79,-0.63,-0.38,24.54,2.45,16
195,Entry long,20/05/2026 15:30,Long 15M,224.35,1,224.35,-0.58,-0.35,0,1.32,0.79,-0.63,-0.38,24.54,2.45,16
196,Exit short,20/05/2026 21:00,Exit Short 15M,223.83,1,222.83,-0.75,-0.45,0,0.59,0.35,-0.75,-0.45,23.8,2.38,5
196,Entry short,20/05/2026 19:45,Short 15M,222.83,1,222.83,-0.75,-0.45,0,0.59,0.35,-0.75,-0.45,23.8,2.38,5
197,Exit long,20/05/2026 21:45,Exit Long 15M,223.01,1,226.53,-2.63,-1.55,0,0.31,0.18,-3.75,-2.22,21.17,2.12,1
197,Entry long,20/05/2026 21:30,Long 15M,226.53,1,226.53,-2.63,-1.55,0,0.31,0.18,-3.75,-2.22,21.17,2.12,1
198,Exit short,21/05/2026 09:00,Exit Short 15M,222.37,1,220.82,-1.15,-0.7,0,1.18,0.72,-2.54,-1.54,20.02,2,11
198,Entry short,20/05/2026 22:15,Short 15M,220.82,1,220.82,-1.15,-0.7,0,1.18,0.72,-2.54,-1.54,20.02,2,11
199,Exit long,21/05/2026 09:45,Exit Long 15M,223.07,1,224.57,-1.12,-0.67,0,0.12,0.07,-1.17,-0.7,18.9,1.89,2
199,Entry long,21/05/2026 09:15,Long 15M,224.57,1,224.57,-1.12,-0.67,0,0.12,0.07,-1.17,-0.7,18.9,1.89,2
200,Exit short,21/05/2026 14:30,Exit Short 15M,224.38,1,222.73,-1.23,-0.74,0,1.77,1.07,-1.23,-0.74,17.67,1.77,5
200,Entry short,21/05/2026 13:15,Short 15M,222.73,1,222.73,-1.23,-0.74,0,1.77,1.07,-1.23,-0.74,17.67,1.77,5
201,Exit long,21/05/2026 19:00,Exit Long 15M,220.52,1,221.71,-0.89,-0.54,0,0.1,0.06,-0.89,-0.54,16.79,1.68,1
201,Entry long,21/05/2026 18:45,Long 15M,221.71,1,221.71,-0.89,-0.54,0,0.1,0.06,-0.89,-0.54,16.79,1.68,1
202,Exit short,21/05/2026 20:15,Exit Short 15M,220.39,1,219.07,-0.98,-0.6,0,0.13,0.08,-0.98,-0.6,15.81,1.58,1
202,Entry short,21/05/2026 20:00,Short 15M,219.07,1,219.07,-0.98,-0.6,0,0.13,0.08,-0.98,-0.6,15.81,1.58,1
203,Exit long,22/05/2026 14:30,Exit Long 15M,219.94,1,220.69,-0.56,-0.34,0,0.58,0.35,-0.56,-0.34,15.25,1.52,5
203,Entry long,22/05/2026 13:15,Long 15M,220.69,1,220.69,-0.56,-0.34,0,0.58,0.35,-0.56,-0.34,15.25,1.52,5
204,Exit short,22/05/2026 18:45,Exit Short 15M,215.75,1,219.15,2.53,1.55,0,2.96,1.82,-0.25,-0.16,17.78,1.78,16
204,Entry short,22/05/2026 14:45,Short 15M,219.15,1,219.15,2.53,1.55,0,2.96,1.82,-0.25,-0.16,17.78,1.78,16
205,Exit short,22/05/2026 22:45,Exit Short 15M,214.99,1,216.21,0.91,0.56,0,1.03,0.64,-0.14,-0.09,18.69,1.87,15
205,Entry short,22/05/2026 19:00,Short 15M,216.21,1,216.21,0.91,0.56,0,1.03,0.64,-0.14,-0.09,18.69,1.87,15
206,Exit long,26/05/2026 14:15,Exit Long 15M,216.64,1,217.15,-0.38,-0.23,0,1,0.62,-0.38,-0.23,18.31,1.83,20
206,Entry long,26/05/2026 09:15,Long 15M,217.15,1,217.15,-0.38,-0.23,0,1,0.62,-0.38,-0.23,18.31,1.83,20
207,Exit short,27/05/2026 09:00,Exit Short 15M,214.21,1,213.91,-0.22,-0.14,0,0.12,0.07,-0.22,-0.14,18.09,1.81,5
207,Entry short,26/05/2026 23:45,Short 15M,213.91,1,213.91,-0.22,-0.14,0,0.12,0.07,-0.22,-0.14,18.09,1.81,5
208,Exit long,27/05/2026 10:00,Exit Long 15M,214.33,1,214.8,-0.35,-0.22,0,0.25,0.15,-0.35,-0.22,17.74,1.77,1
208,Entry long,27/05/2026 09:45,Long 15M,214.8,1,214.8,-0.35,-0.22,0,0.25,0.15,-0.35,-0.22,17.74,1.77,1
209,Exit short,28/05/2026 12:00,Exit Short 15M,210.15,1,211.75,1.19,0.76,0,1.19,0.76,-0.1,-0.06,18.93,1.89,13
209,Entry short,28/05/2026 00:45,Short 15M,211.75,1,211.75,1.19,0.76,0,1.19,0.76,-0.1,-0.06,18.93,1.89,13
210,Exit short,29/05/2026 16:00,Exit Short 15M,216.56,1,214.47,-1.55,-0.97,0,0.08,0.05,-1.55,-0.97,17.37,1.74,1
210,Entry short,29/05/2026 15:45,Short 15M,214.47,1,214.47,-1.55,-0.97,0,0.08,0.05,-1.55,-0.97,17.37,1.74,1
211,Exit long,29/05/2026 20:45,Exit Long 15M,216.46,1,217.6,-0.85,-0.52,0,0.08,0.05,-0.85,-0.52,16.53,1.65,2
211,Entry long,29/05/2026 20:15,Long 15M,217.6,1,217.6,-0.85,-0.52,0,0.08,0.05,-0.85,-0.52,16.53,1.65,2
212,Exit short,29/05/2026 23:00,Exit Short 15M,212.5,1,211.61,-0.66,-0.42,0,0.35,0.22,-1.03,-0.65,15.86,1.59,8
212,Entry short,29/05/2026 21:00,Short 15M,211.61,1,211.61,-0.66,-0.42,0,0.35,0.22,-1.03,-0.65,15.86,1.59,8
213,Exit long,01/06/2026 14:30,Exit Long 15M,217.79,1,214.91,2.14,1.34,0,2.14,1.34,-0.45,-0.28,18,1.8,21
213,Entry long,01/06/2026 09:15,Long 15M,214.91,1,214.91,2.14,1.34,0,2.14,1.34,-0.45,-0.28,18,1.8,21
214,Exit long,02/06/2026 14:00,Exit Long 15M,226.15,1,227,-0.63,-0.37,0,1.66,0.98,-0.63,-0.37,17.37,1.74,19
214,Entry long,02/06/2026 09:15,Long 15M,227,1,227,-0.63,-0.37,0,1.66,0.98,-0.63,-0.37,17.37,1.74,19
215,Exit long,02/06/2026 15:15,Exit Long 15M,229.11,1,231.43,-1.72,-1,0,0.4,0.23,-1.75,-1.02,15.65,1.56,1
215,Entry long,02/06/2026 15:00,Long 15M,231.43,1,231.43,-1.72,-1,0,0.4,0.23,-1.75,-1.02,15.65,1.56,1
216,Exit short,03/06/2026 11:30,Exit Short 15M,221.9,1,221.15,-0.56,-0.34,0,0.33,0.2,-0.56,-0.34,15.09,1.51,5
216,Entry short,03/06/2026 10:15,Short 15M,221.15,1,221.15,-0.56,-0.34,0,0.33,0.2,-0.56,-0.34,15.09,1.51,5
217,Exit short,03/06/2026 14:45,Exit Short 15M,216.26,1,221.69,4.03,2.45,0,4.03,2.45,-0.84,-0.51,19.12,1.91,1
217,Entry short,03/06/2026 14:30,Short 15M,221.69,1,221.69,4.03,2.45,0,4.03,2.45,-0.84,-0.51,19.12,1.91,1
218,Exit long,08/06/2026 14:00,Exit Long 15M,210.6,1,208.12,1.86,1.19,0,1.9,1.22,-0.73,-0.47,20.98,2.1,19
218,Entry long,08/06/2026 09:15,Long 15M,208.12,1,208.12,1.86,1.19,0,1.9,1.22,-0.73,-0.47,20.98,2.1,19
219,Exit short,08/06/2026 21:00,Exit Short 15M,208.65,1,207.74,-0.68,-0.44,0,0.04,0.02,-0.76,-0.49,20.3,2.03,1
219,Entry short,08/06/2026 20:45,Short 15M,207.74,1,207.74,-0.68,-0.44,0,0.04,0.02,-0.76,-0.49,20.3,2.03,1
220,Exit long,09/06/2026 14:45,Exit Long 15M,209.72,1,210.7,-0.73,-0.47,0,0.52,0.33,-1.4,-0.89,19.57,1.96,1
220,Entry long,09/06/2026 14:30,Long 15M,210.7,1,210.7,-0.73,-0.47,0,0.52,0.33,-1.4,-0.89,19.57,1.96,1
221,Exit short,09/06/2026 17:15,Exit Short 15M,201.34,1,209.13,5.84,3.72,0,5.84,3.72,-0.04,-0.02,25.41,2.54,9
221,Entry short,09/06/2026 15:00,Short 15M,209.13,1,209.13,5.84,3.72,0,5.84,3.72,-0.04,-0.02,25.41,2.54,9
222,Exit short,10/06/2026 12:00,Exit Short 15M,203.22,1,206.07,2.13,1.38,0,2.2,1.43,-0.39,-0.25,27.54,2.75,14
222,Entry short,10/06/2026 00:30,Short 15M,206.07,1,206.07,2.13,1.38,0,2.2,1.43,-0.39,-0.25,27.54,2.75,14
223,Exit long,10/06/2026 14:15,Exit Long 15M,204.17,1,205.45,-0.96,-0.62,0,0.19,0.13,-0.96,-0.62,26.58,2.66,2
223,Entry long,10/06/2026 13:45,Long 15M,205.45,1,205.45,-0.96,-0.62,0,0.19,0.13,-0.96,-0.62,26.58,2.66,2
224,Exit short,10/06/2026 23:00,Exit Short 15M,200.04,1,202.36,1.73,1.15,0,2.26,1.49,-1.19,-0.79,28.31,2.83,27
224,Entry short,10/06/2026 16:15,Short 15M,202.36,1,202.36,1.73,1.15,0,2.26,1.49,-1.19,-0.79,28.31,2.83,27
225,Exit short,11/06/2026 14:45,Exit Short 15M,203.23,1,202.14,-0.82,-0.54,0,0.8,0.53,-0.82,-0.54,27.5,2.75,5
225,Entry short,11/06/2026 13:30,Short 15M,202.14,1,202.14,-0.82,-0.54,0,0.8,0.53,-0.82,-0.54,27.5,2.75,5
226,Exit long,11/06/2026 22:00,Exit Long 15M,205.18,1,201.68,2.62,1.74,0,2.98,1.97,-0.18,-0.12,30.12,3.01,14
226,Entry long,11/06/2026 18:30,Long 15M,201.68,1,201.68,2.62,1.74,0,2.98,1.97,-0.18,-0.12,30.12,3.01,14
227,Exit long,12/06/2026 19:15,Exit Long 15M,204.8,1,205.66,-0.64,-0.42,0,1.04,0.68,-1.3,-0.85,29.48,2.95,15
227,Entry long,12/06/2026 15:30,Long 15M,205.66,1,205.66,-0.64,-0.42,0,1.04,0.68,-1.3,-0.85,29.48,2.95,15
228,Exit long,15/06/2026 18:00,Exit Long 15M,212.34,1,209.3,2.27,1.45,0,2.54,1.63,-0.53,-0.34,31.74,3.17,11
228,Entry long,15/06/2026 15:15,Long 15M,209.3,1,209.3,2.27,1.45,0,2.54,1.63,-0.53,-0.34,31.74,3.17,11
229,Exit long,16/06/2026 13:15,Exit Long 15M,211.53,1,211.99,-0.34,-0.22,0,0.34,0.21,-0.34,-0.22,31.4,3.14,4
229,Entry long,16/06/2026 12:15,Long 15M,211.99,1,211.99,-0.34,-0.22,0,0.34,0.21,-0.34,-0.22,31.4,3.14,4
230,Exit short,16/06/2026 14:30,Exit Short 15M,209.26,1,211.03,1.32,0.84,0,1.32,0.84,-0.35,-0.22,32.72,3.27,3
230,Entry short,16/06/2026 13:45,Short 15M,211.03,1,211.03,1.32,0.84,0,1.32,0.84,-0.35,-0.22,32.72,3.27,3
231,Exit short,17/06/2026 23:00,Exit Short 15M,205.44,1,207.2,1.32,0.85,0,3.07,1.99,-0.76,-0.49,34.04,3.4,32
231,Entry short,17/06/2026 15:00,Short 15M,207.2,1,207.2,1.32,0.85,0,3.07,1.99,-0.76,-0.49,34.04,3.4,32
232,Exit long,22/06/2026 14:30,Exit Long 15M,211.92,1,210.09,1.38,0.87,0,1.38,0.87,-0.18,-0.11,35.43,3.54,9
232,Entry long,22/06/2026 12:15,Long 15M,210.09,1,210.09,1.38,0.87,0,1.38,0.87,-0.18,-0.11,35.43,3.54,9
233,Exit short,22/06/2026 23:00,Exit Short 15M,208.04,1,209.48,1.09,0.69,0,1.33,0.84,-1.07,-0.67,36.51,3.65,29
233,Entry short,22/06/2026 15:45,Short 15M,209.48,1,209.48,1.09,0.69,0,1.33,0.84,-1.07,-0.67,36.51,3.65,29
234,Exit short,23/06/2026 14:45,Exit Short 15M,203.22,1,202.12,-0.83,-0.54,0,1.57,1.03,-0.83,-0.54,35.68,3.57,1
234,Entry short,23/06/2026 14:30,Short 15M,202.12,1,202.12,-0.83,-0.54,0,1.57,1.03,-0.83,-0.54,35.68,3.57,1
235,Exit short,24/06/2026 12:45,Exit Short 15M,201.37,1,200.94,-0.33,-0.21,0,0,0,-0.42,-0.28,35.36,3.54,1
235,Entry short,24/06/2026 12:30,Short 15M,200.94,1,200.94,-0.33,-0.21,0,0,0,-0.42,-0.28,35.36,3.54,1
236,Exit short,24/06/2026 14:30,Exit Short 15M,200.37,1,199.5,-0.66,-0.44,0,0.09,0.06,-1.05,-0.69,34.7,3.47,1
236,Entry short,24/06/2026 14:15,Short 15M,199.5,1,199.5,-0.66,-0.44,0,0.09,0.06,-1.05,-0.69,34.7,3.47,1
237,Exit short,24/06/2026 21:45,Exit Short 15M,200.77,1,199.24,-1.16,-0.77,0,2.01,1.33,-1.16,-0.77,33.54,3.35,15
237,Entry short,24/06/2026 18:00,Short 15M,199.24,1,199.24,-1.16,-0.77,0,2.01,1.33,-1.16,-0.77,33.54,3.35,15
238,Exit long,25/06/2026 14:15,Exit Long 15M,200.94,1,201.48,-0.41,-0.27,0,0.27,0.17,-0.41,-0.27,33.13,3.31,2
238,Entry long,25/06/2026 13:45,Long 15M,201.48,1,201.48,-0.41,-0.27,0,0.27,0.17,-0.41,-0.27,33.13,3.31,2
239,Exit short,25/06/2026 14:45,Exit Short 15M,195.47,1,200.08,3.5,2.3,0,3.5,2.3,-0.54,-0.35,36.63,3.66,1
239,Entry short,25/06/2026 14:30,Short 15M,200.08,1,200.08,3.5,2.3,0,3.5,2.3,-0.54,-0.35,36.63,3.66,1
240,Exit short,25/06/2026 20:45,Exit Short 15M,195.26,1,194.1,-0.88,-0.6,0,0.3,0.2,-0.88,-0.6,35.75,3.57,2
240,Entry short,25/06/2026 20:15,Short 15M,194.1,1,194.1,-0.88,-0.6,0,0.3,0.2,-0.88,-0.6,35.75,3.57,2
241,Exit short,26/06/2026 10:45,Exit Short 15M,194.06,1,193.11,-0.72,-0.49,0,0.45,0.31,-0.72,-0.49,35.03,3.5,6
241,Entry short,26/06/2026 09:15,Short 15M,193.11,1,193.11,-0.72,-0.49,0,0.45,0.31,-0.72,-0.49,35.03,3.5,6
242,Exit short,26/06/2026 23:00,Exit Short 15M,192.37,1,191.73,-0.48,-0.33,0,0.03,0.02,-0.89,-0.62,34.54,3.45,8
242,Entry short,26/06/2026 21:00,Short 15M,191.73,1,191.73,-0.48,-0.33,0,0.03,0.02,-0.89,-0.62,34.54,3.45,8
243,Exit long,29/06/2026 10:30,Exit Long 15M,194.35,1,195.07,-0.55,-0.37,0,0.2,0.13,-0.55,-0.37,34,3.4,5
243,Entry long,29/06/2026 09:15,Long 15M,195.07,1,195.07,-0.55,-0.37,0,0.2,0.13,-0.55,-0.37,34,3.4,5
244,Exit long,29/06/2026 15:00,Short 15M,193.3,1,195.78,-1.88,-1.27,0,0.3,0.2,-2.08,-1.4,32.12,3.21,1
244,Entry long,29/06/2026 14:45,Long 15M,195.78,1,195.78,-1.88,-1.27,0,0.3,0.2,-2.08,-1.4,32.12,3.21,1
245,Exit short,29/06/2026 15:45,Long 15M,194.44,1,193.3,-0.86,-0.59,0,2.65,1.81,-1.08,-0.74,31.26,3.13,3
245,Entry short,29/06/2026 15:00,Short 15M,193.3,1,193.3,-0.86,-0.59,0,2.65,1.81,-1.08,-0.74,31.26,3.13,3
246,Exit long,29/06/2026 17:15,Exit Long 15M,192.82,1,194.44,-1.23,-0.83,0,0.52,0.35,-1.23,-0.83,30.03,3,6
246,Entry long,29/06/2026 15:45,Long 15M,194.44,1,194.44,-1.23,-0.83,0,0.52,0.35,-1.23,-0.83,30.03,3,6
247,Exit long,30/06/2026 14:30,Exit Long 15M,198.68,1,195.76,2.2,1.49,0,2.2,1.49,-0.1,-0.07,32.23,3.22,13
247,Entry long,30/06/2026 11:15,Long 15M,195.76,1,195.76,2.2,1.49,0,2.2,1.49,-0.1,-0.07,32.23,3.22,13
248,Exit long,30/06/2026 20:45,Exit Long 15M,200.36,1,197.85,1.89,1.27,0,1.89,1.27,-1.07,-0.72,34.12,3.41,23
248,Entry long,30/06/2026 15:00,Long 15M,197.85,1,197.85,1.89,1.27,0,1.89,1.27,-1.07,-0.72,34.12,3.41,23
249,Exit short,01/07/2026 11:00,Exit Short 15M,198.77,1,198.23,-0.41,-0.27,0,0.2,0.13,-0.41,-0.27,33.72,3.37,7
249,Entry short,01/07/2026 09:15,Short 15M,198.23,1,198.23,-0.41,-0.27,0,0.2,0.13,-0.41,-0.27,33.72,3.37,7
250,Exit short,02/07/2026 09:00,Exit Short 15M,196.32,1,197.57,0.94,0.63,0,0.94,0.63,-0.26,-0.18,34.66,3.47,16
250,Entry short,01/07/2026 21:00,Short 15M,197.57,1,197.57,0.94,0.63,0,0.94,0.63,-0.26,-0.18,34.66,3.47,16
251,Exit short,02/07/2026 18:30,Exit Short 15M,192.54,1,196.46,2.95,2,0,2.95,2,-0.3,-0.2,37.61,3.76,11
251,Entry short,02/07/2026 15:45,Short 15M,196.46,1,196.46,2.95,2,0,2.95,2,-0.3,-0.2,37.61,3.76,11
252,Exit short,06/07/2026 14:45,Exit Short 15M,195.77,1,194.95,-0.61,-0.42,0,0.72,0.49,-0.61,-0.42,37,3.7,4
252,Entry short,06/07/2026 13:45,Short 15M,194.95,1,194.95,-0.61,-0.42,0,0.72,0.49,-0.61,-0.42,37,3.7,4
253,Exit long,06/07/2026 20:45,Exit Long 15M,195.73,1,196.29,-0.42,-0.29,0,0.94,0.64,-0.7,-0.47,36.58,3.66,23
253,Entry long,06/07/2026 15:00,Long 15M,196.29,1,196.29,-0.42,-0.29,0,0.94,0.64,-0.7,-0.47,36.58,3.66,23
254,Exit short,07/07/2026 00:45,Exit Short 15M,194.81,1,195.57,0.57,0.39,0,0.57,0.39,-0.09,-0.06,37.15,3.71,15
254,Entry short,06/07/2026 21:00,Short 15M,195.57,1,195.57,0.57,0.39,0,0.57,0.39,-0.09,-0.06,37.15,3.71,15
255,Exit long,08/07/2026 09:30,Short 15M,194.02,1,196.87,-2.13,-1.45,0,0,0,-2.24,-1.52,35.01,3.5,1
255,Entry long,08/07/2026 09:15,Long 15M,196.87,1,196.87,-2.13,-1.45,0,0,0,-2.24,-1.52,35.01,3.5,1
256,Exit short,08/07/2026 12:30,Exit Short 15M,194.63,1,194.02,-0.46,-0.31,0,0.83,0.57,-0.46,-0.31,34.56,3.46,12
256,Entry short,08/07/2026 09:30,Short 15M,194.02,1,194.02,-0.46,-0.31,0,0.83,0.57,-0.46,-0.31,34.56,3.46,12
257,Exit long,08/07/2026 14:30,Exit Long 15M,197.97,1,194.96,2.25,1.54,0,2.25,1.54,-0.25,-0.17,36.81,3.68,5
257,Entry long,08/07/2026 13:15,Long 15M,194.96,1,194.96,2.25,1.54,0,2.25,1.54,-0.25,-0.17,36.81,3.68,5
258,Exit long,09/07/2026 21:30,Short 15M,202.62,1,203.07,-0.34,-0.22,0,1.13,0.74,-0.51,-0.33,36.47,3.65,13
258,Entry long,09/07/2026 18:15,Long 15M,203.07,1,203.07,-0.34,-0.22,0,1.13,0.74,-0.51,-0.33,36.47,3.65,13
259,Exit short,10/07/2026 09:00,Exit Short 15M,201.26,1,202.62,1.01,0.67,0,1.01,0.67,-0.37,-0.25,37.49,3.75,14
259,Entry short,09/07/2026 21:30,Short 15M,202.62,1,202.62,1.01,0.67,0,1.01,0.67,-0.37,-0.25,37.49,3.75,14
260,Exit long,10/07/2026 17:45,Exit Long 15M,209.96,1,204.61,3.99,2.61,0,4.43,2.9,-0.17,-0.11,41.48,4.15,12
260,Entry long,10/07/2026 14:45,Long 15M,204.61,1,204.61,3.99,2.61,0,4.43,2.9,-0.17,-0.11,41.48,4.15,12
261,Exit short,13/07/2026 10:15,Exit Short 15M,207.82,1,206.78,-0.78,-0.5,0,0.01,0,-0.78,-0.5,40.7,4.07,4
261,Entry short,13/07/2026 09:15,Short 15M,206.78,1,206.78,-0.78,-0.5,0,0.01,0,-0.78,-0.5,40.7,4.07,4
262,Exit short,13/07/2026 18:15,Exit Short 15M,203.89,1,207.32,2.56,1.65,0,2.56,1.65,-0.54,-0.35,43.26,4.33,10
262,Entry short,13/07/2026 15:45,Short 15M,207.32,1,207.32,2.56,1.65,0,2.56,1.65,-0.54,-0.35,43.26,4.33,10
263,Exit long,14/07/2026 11:15,Exit Long 15M,204.56,1,204.97,-0.31,-0.2,0,0.28,0.18,-0.46,-0.3,42.96,4.3,8
263,Entry long,14/07/2026 09:15,Long 15M,204.97,1,204.97,-0.31,-0.2,0,0.28,0.18,-0.46,-0.3,42.96,4.3,8
264,Exit short,14/07/2026 15:30,Exit Short 15M,206.27,1,204.26,-1.51,-0.98,0,0.14,0.09,-1.51,-0.98,41.45,4.15,3
264,Entry short,14/07/2026 14:45,Short 15M,204.26,1,204.26,-1.51,-0.98,0,0.14,0.09,-1.51,-0.98,41.45,4.15,3
265,Exit long,14/07/2026 18:30,Exit Long 15M,211.18,1,207.49,2.76,1.78,0,3.02,1.94,-0.21,-0.13,44.21,4.42,10
265,Entry long,14/07/2026 16:00,Long 15M,207.49,1,207.49,2.76,1.78,0,3.02,1.94,-0.21,-0.13,44.21,4.42,10
266,Exit long,15/07/2026 13:00,Exit Long 15M,211.14,1,211.7,-0.42,-0.26,0,0.22,0.14,-0.42,-0.26,43.8,4.38,4
266,Entry long,15/07/2026 12:00,Long 15M,211.7,1,211.7,-0.42,-0.26,0,0.22,0.14,-0.42,-0.26,43.8,4.38,4
267,Exit short,15/07/2026 17:30,Exit Short 15M,206.1,1,210.68,3.42,2.17,0,3.42,2.17,-0.1,-0.06,47.22,4.72,8
267,Entry short,15/07/2026 15:30,Short 15M,210.68,1,210.68,3.42,2.17,0,3.42,2.17,-0.1,-0.06,47.22,4.72,8
268,Exit short,16/07/2026 14:00,Exit Short 15M,209.65,1,208.79,-0.64,-0.41,0,0.27,0.17,-0.64,-0.41,46.58,4.66,5
268,Entry short,16/07/2026 12:45,Short 15M,208.79,1,208.79,-0.64,-0.41,0,0.27,0.17,-0.64,-0.41,46.58,4.66,5
269,Exit long,16/07/2026 14:45,Short 15M,207.85,1,210.21,-1.74,-1.12,0,0.63,0.4,-2.02,-1.3,44.84,4.48,1
269,Entry long,16/07/2026 14:30,Long 15M,210.21,1,210.21,-1.74,-1.12,0,0.63,0.4,-2.02,-1.3,44.84,4.48,1
270,Exit short,16/07/2026 23:00,Exit Short 15M,206.73,1,207.85,0.83,0.54,0,1.48,0.96,-1.04,-0.68,45.67,4.57,33
270,Entry short,16/07/2026 14:45,Short 15M,207.85,1,207.85,0.83,0.54,0,1.48,0.96,-1.04,-0.68,45.67,4.57,33
271,Exit short,17/07/2026 23:15,Exit Short 15M,202.65,1,203.64,0.73,0.49,0,1.49,0.99,-0.19,-0.13,46.4,4.64,16
271,Entry short,17/07/2026 19:15,Short 15M,203.64,1,203.64,0.73,0.49,0,1.49,0.99,-0.19,-0.13,46.4,4.64,16
272,Exit long,20/07/2026 12:30,Exit Long 15M,205.84,1,203.75,1.55,1.03,0,1.55,1.03,-0.32,-0.21,47.96,4.8,13
272,Entry long,20/07/2026 09:15,Long 15M,203.75,1,203.75,1.55,1.03,0,1.55,1.03,-0.32,-0.21,47.96,4.8,13
273,Exit long,21/07/2026 23:00,Exit Long 15M,206.59,1,206.98,-0.29,-0.19,0,0.63,0.41,-0.37,-0.24,47.67,4.77,13
273,Entry long,21/07/2026 19:45,Long 15M,206.98,1,206.98,-0.29,-0.19,0,0.63,0.41,-0.37,-0.24,47.67,4.77,13
274,Exit short,22/07/2026 10:00,Exit Short 15M,205.42,1,204.88,-0.4,-0.26,0,0.03,0.02,-0.4,-0.26,47.26,4.73,3
274,Entry short,22/07/2026 09:15,Short 15M,204.88,1,204.88,-0.4,-0.26,0,0.03,0.02,-0.4,-0.26,47.26,4.73,3
275,Exit long,22/07/2026 16:00,Exit Long 15M,211.61,1,205.78,4.36,2.83,0,4.36,2.83,-0.62,-0.4,51.62,5.16,6
275,Entry long,22/07/2026 14:30,Long 15M,205.78,1,205.78,4.36,2.83,0,4.36,2.83,-0.62,-0.4,51.62,5.16,6
276,Exit long,22/07/2026 22:30,Exit Long 15M,212.65,1,213.87,-0.91,-0.57,0,0,0,-0.91,-0.57,50.71,5.07,1
276,Entry long,22/07/2026 22:15,Long 15M,213.87,1,213.87,-0.91,-0.57,0,0,0,-0.91,-0.57,50.71,5.07,1
277,Exit short,23/07/2026 00:30,Exit Short 15M,211.59,1,210.46,-0.84,-0.54,0,0.08,0.05,-0.84,-0.54,49.86,4.99,7
277,Entry short,22/07/2026 22:45,Short 15M,210.46,1,210.46,-0.84,-0.54,0,0.08,0.05,-0.84,-0.54,49.86,4.99,7
278,Exit long,23/07/2026 19:00,Exit Long 15M,208.46,1,209.64,-0.88,-0.56,0,0.59,0.38,-0.88,-0.56,48.98,4.9,6
278,Entry long,23/07/2026 17:30,Long 15M,209.64,1,209.64,-0.88,-0.56,0,0.59,0.38,-0.88,-0.56,48.98,4.9,6
279,Exit short,23/07/2026 20:45,Exit Short 15M,208.65,1,207.65,-0.75,-0.48,0,0.56,0.36,-0.75,-0.48,48.23,4.82,4
279,Entry short,23/07/2026 19:45,Short 15M,207.65,1,207.65,-0.75,-0.48,0,0.56,0.36,-0.75,-0.48,48.23,4.82,4
280,Exit short,24/07/2026 09:30,Exit Short 15M,207.55,1,207.03,-0.39,-0.25,0,0.03,0.02,-0.39,-0.25,47.84,4.78,1
280,Entry short,24/07/2026 09:15,Short 15M,207.03,1,207.03,-0.39,-0.25,0,0.03,0.02,-0.39,-0.25,47.84,4.78,1
281,Exit short,24/07/2026 16:00,Long 15M,209.5,1,207.97,-1.15,-0.74,0,1.72,1.1,-1.19,-0.76,46.69,4.67,8
281,Entry short,24/07/2026 14:00,Short 15M,207.97,1,207.97,-1.15,-0.74,0,1.72,1.1,-1.19,-0.76,46.69,4.67,8
282,Exit long,24/07/2026 19:15,Exit Long 15M,208.63,1,209.5,-0.65,-0.42,0,1.8,1.15,-0.68,-0.43,46.04,4.6,13
282,Entry long,24/07/2026 16:00,Long 15M,209.5,1,209.5,-0.65,-0.42,0,1.8,1.15,-0.68,-0.43,46.04,4.6,13
283,Exit short,24/07/2026 23:15,Exit Short 15M,206.76,1,207.83,0.8,0.51,0,2.27,1.45,-0.04,-0.02,46.84,4.68,15
283,Entry short,24/07/2026 19:30,Short 15M,207.83,1,207.83,0.8,0.51,0,2.27,1.45,-0.04,-0.02,46.84,4.68,15
284,Exit long,27/07/2026 11:15,Exit Long 15M,208.63,1,209.08,-0.34,-0.22,0,0.39,0.25,-0.4,-0.25,46.51,4.65,8
284,Entry long,27/07/2026 09:15,Long 15M,209.08,1,209.08,-0.34,-0.22,0,0.39,0.25,-0.4,-0.25,46.51,4.65,8
285,Exit short,28/07/2026 15:30,Exit Short 15M,196.03,1,194.3,-1.3,-0.89,0,1.17,0.8,-1.3,-0.89,45.21,4.52,3
285,Entry short,28/07/2026 14:45,Short 15M,194.3,1,194.3,-1.3,-0.89,0,1.17,0.8,-1.3,-0.89,45.21,4.52,3
286,Exit short,29/07/2026 00:45,Long 15M,196.91,1,196.48,-0.32,-0.22,0,1.11,0.75,-0.34,-0.23,44.88,4.49,4
286,Entry short,28/07/2026 23:45,Short 15M,196.48,1,196.48,-0.32,-0.22,0,1.11,0.75,-0.34,-0.23,44.88,4.49,4
287,Exit long,29/07/2026 09:00,Exit Long 15M,195.97,1,196.91,-0.71,-0.48,0,0.61,0.41,-0.71,-0.48,44.17,4.42,1
287,Entry long,29/07/2026 00:45,Long 15M,196.91,1,196.91,-0.71,-0.48,0,0.61,0.41,-0.71,-0.48,44.17,4.42,1
288,Exit short,29/07/2026 10:00,Exit Short 15M,196.98,1,195.72,-0.95,-0.64,0,0.17,0.11,-0.95,-0.64,43.23,4.32,3
288,Entry short,29/07/2026 09:15,Short 15M,195.72,1,195.72,-0.95,-0.64,0,0.17,0.11,-0.95,-0.64,43.23,4.32,3
289,Exit long,29/07/2026 11:45,Exit Long 15M,197.11,1,197.8,-0.52,-0.35,0,0.36,0.24,-0.52,-0.35,42.71,4.27,4
289,Entry long,29/07/2026 10:45,Long 15M,197.8,1,197.8,-0.52,-0.35,0,0.36,0.24,-0.52,-0.35,42.71,4.27,4
290,Exit short,29/07/2026 13:45,Exit Short 15M,197.05,1,196.36,-0.52,-0.35,0,0.08,0.06,-0.52,-0.35,42.19,4.22,1
290,Entry short,29/07/2026 13:30,Short 15M,196.36,1,196.36,-0.52,-0.35,0,0.08,0.06,-0.52,-0.35,42.19,4.22,1
291,Exit long,29/07/2026 20:15,Exit Long 15M,193.82,1,195.45,-1.23,-0.83,0,0.66,0.45,-1.23,-0.83,40.96,4.1,2
291,Entry long,29/07/2026 19:45,Long 15M,195.45,1,195.45,-1.23,-0.83,0,0.66,0.45,-1.23,-0.83,40.96,4.1,2
292,Exit short,29/07/2026 22:45,Exit Short 15M,189.12,1,193.44,3.25,2.23,0,3.43,2.36,-0.24,-0.17,44.21,4.42,9
292,Entry short,29/07/2026 20:30,Short 15M,193.44,1,193.44,3.25,2.23,0,3.43,2.36,-0.24,-0.17,44.21,4.42,9
293,Exit short,30/07/2026 15:00,Long 15M,195.53,1,192.41,-2.34,-1.62,0,0.01,0.01,-2.39,-1.66,41.88,4.19,1
293,Entry short,30/07/2026 14:45,Short 15M,192.41,1,192.41,-2.34,-1.62,0,0.01,0.01,-2.39,-1.66,41.88,4.19,1
294,Exit long,30/07/2026 16:30,Exit Long 15M,193.43,1,195.53,-1.57,-1.07,0,1.28,0.87,-1.57,-1.07,40.31,4.03,6
294,Entry long,30/07/2026 15:00,Long 15M,195.53,1,195.53,-1.57,-1.07,0,1.28,0.87,-1.57,-1.07,40.31,4.03,6
295,Exit long,31/07/2026 00:30,Exit Long 15M,196.48,1,194.58,1.41,0.98,0,1.65,1.13,-0.43,-0.3,41.72,4.17,17
295,Entry long,30/07/2026 20:15,Long 15M,194.58,1,194.58,1.41,0.98,0,1.65,1.13,-0.43,-0.3,41.72,4.17,17
296,Exit long,31/07/2026 14:45,Exit Long 15M,197.32,1,198.53,-0.9,-0.61,0,1.15,0.78,-1.05,-0.72,40.82,4.08,1
296,Entry long,31/07/2026 14:30,Long 15M,198.53,1,198.53,-0.9,-0.61,0,1.15,0.78,-1.05,-0.72,40.82,4.08,1
297,Exit short,31/07/2026 15:30,Exit Short 15M,197.34,1,195.42,-1.43,-0.98,0,0.27,0.18,-1.43,-0.98,39.39,3.94,1
297,Entry short,31/07/2026 15:15,Short 15M,195.42,1,195.42,-1.43,-0.98,0,0.27,0.18,-1.43,-0.98,39.39,3.94,1
298,Exit long,03/08/2026 09:00,Exit Long 15M,202,1,198.72,2.43,1.65,0,2.44,1.65,-0.33,-0.22,41.83,4.18,27
298,Entry long,31/07/2026 18:15,Long 15M,198.72,1,198.72,2.43,1.65,0,2.44,1.65,-0.33,-0.22,41.83,4.18,27
299,Exit long,03/08/2026 09:30,Exit Long 15M,199.97,1,200.85,-0.65,-0.44,0,0.01,0,-0.88,-0.59,41.17,4.12,1
299,Entry long,03/08/2026 09:15,Long 15M,200.85,1,200.85,-0.65,-0.44,0,0.01,0,-0.88,-0.59,41.17,4.12,1
300,Exit long,03/08/2026 17:15,Exit Long 15M,207.12,1,202.25,3.61,2.41,0,3.82,2.55,-0.54,-0.36,44.79,4.48,9
300,Entry long,03/08/2026 15:00,Long 15M,202.25,1,202.25,3.61,2.41,0,3.82,2.55,-0.54,-0.36,44.79,4.48,9
301,Exit long,04/08/2026 09:45,Exit Long 15M,207.97,1,208.56,-0.44,-0.28,0,0.1,0.07,-0.44,-0.28,44.35,4.43,2
301,Entry long,04/08/2026 09:15,Long 15M,208.56,1,208.56,-0.44,-0.28,0,0.1,0.07,-0.44,-0.28,44.35,4.43,2
302,Exit long,04/08/2026 21:00,Exit Long 15M,211.64,1,212.56,-0.69,-0.43,0,0.37,0.24,-0.69,-0.43,43.66,4.37,6
302,Entry long,04/08/2026 19:30,Long 15M,212.56,1,212.56,-0.69,-0.43,0,0.37,0.24,-0.69,-0.43,43.66,4.37,6
303,Exit long,05/08/2026 09:00,Exit Long 15M,216.94,1,213.76,2.36,1.49,0,2.48,1.56,-0.34,-0.22,46.02,4.6,12
303,Entry long,04/08/2026 22:00,Long 15M,213.76,1,213.76,2.36,1.49,0,2.48,1.56,-0.34,-0.22,46.02,4.6,12
304,Exit long,05/08/2026 18:00,Exit Long 15M,221.34,1,216.87,3.32,2.06,0,3.97,2.46,-0.35,-0.22,49.35,4.93,14
304,Entry long,05/08/2026 14:30,Long 15M,216.87,1,216.87,3.32,2.06,0,3.97,2.46,-0.35,-0.22,49.35,4.93,14
305,Exit long,06/08/2026 09:00,Exit Long 15M,219.4,1,220.75,-1,-0.61,0,0.29,0.18,-1,-0.61,48.35,4.83,5
305,Entry long,05/08/2026 23:45,Long 15M,220.75,1,220.75,-1,-0.61,0,0.29,0.18,-1,-0.61,48.35,4.83,5
306,Exit short,06/08/2026 09:30,Exit Short 15M,219.43,1,218.56,-0.65,-0.4,0,0.08,0.05,-0.73,-0.45,47.7,4.77,1
306,Entry short,06/08/2026 09:15,Short 15M,218.56,1,218.56,-0.65,-0.4,0,0.08,0.05,-0.73,-0.45,47.7,4.77,1
307,Exit long,06/08/2026 15:30,Short 15M,219.8,1,220.7,-0.67,-0.41,0,2.18,1.33,-1.02,-0.62,47.03,4.7,12
307,Entry long,06/08/2026 12:30,Long 15M,220.7,1,220.7,-0.67,-0.41,0,2.18,1.33,-1.02,-0.62,47.03,4.7,12
308,Exit short,06/08/2026 19:15,Exit Short 15M,220.75,1,219.8,-0.71,-0.43,0,1.88,1.15,-0.71,-0.43,46.33,4.63,15
308,Entry short,06/08/2026 15:30,Short 15M,219.8,1,219.8,-0.71,-0.43,0,1.88,1.15,-0.71,-0.43,46.33,4.63,15
309,Exit long,06/08/2026 20:45,Exit Long 15M,219.34,1,220.41,-0.79,-0.49,0,0.03,0.02,-0.79,-0.49,45.53,4.55,5
309,Entry long,06/08/2026 19:30,Long 15M,220.41,1,220.41,-0.79,-0.49,0,0.03,0.02,-0.79,-0.49,45.53,4.55,5
310,Exit short,07/08/2026 12:15,Exit Short 15M,219.81,1,219.39,-0.31,-0.19,0,0.06,0.04,-0.38,-0.23,45.22,4.52,1
310,Entry short,07/08/2026 12:00,Short 15M,219.39,1,219.39,-0.31,-0.19,0,0.06,0.04,-0.38,-0.23,45.22,4.52,1
311,Exit long,07/08/2026 12:45,Exit Long 15M,219.84,1,220.3,-0.34,-0.21,0,0.22,0.14,-0.34,-0.21,44.88,4.49,1
311,Entry long,07/08/2026 12:30,Long 15M,220.3,1,220.3,-0.34,-0.21,0,0.22,0.14,-0.34,-0.21,44.88,4.49,1
312,Exit short,11/08/2026 09:45,Exit Short 15M,218.93,1,218.44,-0.36,-0.22,0,0.09,0.05,-0.5,-0.31,44.52,4.45,3
312,Entry short,11/08/2026 09:00,Short 15M,218.44,1,218.44,-0.36,-0.22,0,0.09,0.05,-0.5,-0.31,44.52,4.45,3
313,Exit long,12/08/2026 17:45,Exit Long 15M,223.83,1,220.46,2.49,1.53,0,3.43,2.1,-0.28,-0.17,47.01,4.7,16
313,Entry long,12/08/2026 13:45,Long 15M,220.46,1,220.46,2.49,1.53,0,3.43,2.1,-0.28,-0.17,47.01,4.7,16
314,Exit long,12/08/2026 21:15,Exit Long 15M,223.17,1,224.14,-0.72,-0.43,0,0.17,0.1,-0.72,-0.43,46.29,4.63,1
314,Entry long,12/08/2026 21:00,Long 15M,224.14,1,224.14,-0.72,-0.43,0,0.17,0.1,-0.72,-0.43,46.29,4.63,1
315,Exit long,13/08/2026 14:30,Exit Long 15M,226.81,1,224.62,1.62,0.97,0,1.62,0.97,-0.36,-0.21,47.91,4.79,1
315,Entry long,13/08/2026 14:15,Long 15M,224.62,1,224.62,1.62,0.97,0,1.62,0.97,-0.36,-0.21,47.91,4.79,1
316,Exit long,14/08/2026 13:00,Exit Long 15M,225.41,1,225.8,-0.29,-0.17,0,0.45,0.27,-0.29,-0.17,47.63,4.76,11
316,Entry long,14/08/2026 10:15,Long 15M,225.8,1,225.8,-0.29,-0.17,0,0.45,0.27,-0.29,-0.17,47.63,4.76,11
317,Exit long,14/08/2026 14:45,Exit Long 15M,225.71,1,226.8,-0.81,-0.48,0,0.51,0.3,-1.33,-0.79,46.82,4.68,1
317,Entry long,14/08/2026 14:30,Long 15M,226.8,1,226.8,-0.81,-0.48,0,0.51,0.3,-1.33,-0.79,46.82,4.68,1
318,Exit long,17/08/2026 14:15,Exit Long 15M,225.67,1,226.17,-0.37,-0.22,0,0.69,0.41,-0.37,-0.22,46.45,4.64,20
318,Entry long,17/08/2026 09:15,Long 15M,226.17,1,226.17,-0.37,-0.22,0,0.69,0.41,-0.37,-0.22,46.45,4.64,20
319,Exit long,17/08/2026 18:00,Exit Long 15M,226.66,1,227.46,-0.59,-0.35,0,0.34,0.2,-0.59,-0.35,45.86,4.59,6
319,Entry long,17/08/2026 16:30,Long 15M,227.46,1,227.46,-0.59,-0.35,0,0.34,0.2,-0.59,-0.35,45.86,4.59,6
320,Exit short,17/08/2026 23:00,Exit Short 15M,225.03,1,225.7,0.49,0.3,0,0.62,0.37,-0.23,-0.14,46.35,4.64,15
320,Entry short,17/08/2026 19:15,Short 15M,225.7,1,225.7,0.49,0.3,0,0.62,0.37,-0.23,-0.14,46.35,4.64,15
321,Exit long,19/08/2026 09:30,Exit Long 15M,220.48,1,221.1,-0.46,-0.28,0,0.01,0,-0.46,-0.28,45.89,4.59,1
321,Entry long,19/08/2026 09:15,Long 15M,221.1,1,221.1,-0.46,-0.28,0,0.01,0,-0.46,-0.28,45.89,4.59,1
322,Exit short,19/08/2026 13:00,Exit Short 15M,220.22,1,219.6,-0.46,-0.28,0,0.07,0.05,-0.46,-0.28,45.44,4.54,1
322,Entry short,19/08/2026 12:45,Short 15M,219.6,1,219.6,-0.46,-0.28,0,0.07,0.05,-0.46,-0.28,45.44,4.54,1
323,Exit long,19/08/2026 14:30,Exit Long 15M,220.01,1,220.95,-0.69,-0.43,0,1.42,0.87,-0.69,-0.43,44.74,4.47,3
323,Entry long,19/08/2026 13:45,Long 15M,220.95,1,220.95,-0.69,-0.43,0,1.42,0.87,-0.69,-0.43,44.74,4.47,3
324,Exit short,19/08/2026 17:15,Long 15M,220.13,1,219.99,-0.1,-0.06,0,2.39,1.47,-0.49,-0.3,44.64,4.46,10
324,Entry short,19/08/2026 14:45,Short 15M,219.99,1,219.99,-0.1,-0.06,0,2.39,1.47,-0.49,-0.3,44.64,4.46,10
325,Exit long,19/08/2026 17:45,Exit Long 15M,219.12,1,220.13,-0.75,-0.46,0,0.15,0.09,-0.76,-0.47,43.89,4.39,2
325,Entry long,19/08/2026 17:15,Long 15M,220.13,1,220.13,-0.75,-0.46,0,0.15,0.09,-0.76,-0.47,43.89,4.39,2
326,Exit short,19/08/2026 22:45,Exit Short 15M,218.21,1,217.68,-0.39,-0.24,0,0.13,0.08,-0.49,-0.3,43.5,4.35,7
326,Entry short,19/08/2026 21:00,Short 15M,217.68,1,217.68,-0.39,-0.24,0,0.13,0.08,-0.49,-0.3,43.5,4.35,7
327,Exit short,20/08/2026 11:30,Exit Short 15M,218.64,1,218.22,-0.31,-0.19,0,0.24,0.15,-0.31,-0.19,43.19,4.32,8
327,Entry short,20/08/2026 09:30,Short 15M,218.22,1,218.22,-0.31,-0.19,0,0.24,0.15,-0.31,-0.19,43.19,4.32,8
328,Exit short,20/08/2026 14:30,Exit Short 15M,218.86,1,218.05,-0.6,-0.37,0,1.18,0.74,-0.6,-0.37,42.6,4.26,8
328,Entry short,20/08/2026 12:30,Short 15M,218.05,1,218.05,-0.6,-0.37,0,1.18,0.74,-0.6,-0.37,42.6,4.26,8
329,Exit short,20/08/2026 17:45,Exit Short 15M,217.85,1,216.8,-0.77,-0.48,0,0.84,0.53,-0.77,-0.48,41.82,4.18,5
329,Entry short,20/08/2026 16:30,Short 15M,216.8,1,216.8,-0.77,-0.48,0,0.84,0.53,-0.77,-0.48,41.82,4.18,5
