entry_time,exit_time,side,entry_price,exit_price,size,pnl,pnl_gross,commission,exit_reason,entry_bar_index,exit_bar_index
2025-12-01T07:00:00-05:00,2025-12-01T09:30:00-05:00,short,174.62,176.0935,1.0,-1.4735000000000014,-1.4735000000000014,0.0,sl,12,22
2025-12-01T15:45:00-05:00,2025-12-01T18:00:00-05:00,long,179.99,179.63475,1.0,-0.3552500000000123,-0.3552500000000123,0.0,sl,47,56
2025-12-03T04:00:00-05:00,2025-12-03T07:30:00-05:00,long,182.11,183.34000000000003,1.0,1.2300000000000182,1.2300000000000182,0.0,tp,128,142
2025-12-03T09:00:00-05:00,2025-12-03T13:30:00-05:00,short,180.38,181.212125,1.0,-0.8321249999999907,-0.8321249999999907,0.0,sl,148,166
2025-12-04T08:00:00-05:00,2025-12-04T09:00:00-05:00,short,180.12,180.740375,1.0,-0.6203749999999957,-0.6203749999999957,0.0,sl,208,212
2025-12-04T09:00:00-05:00,2025-12-04T14:00:00-05:00,long,181.05,183.42000000000002,1.0,2.3700000000000045,2.3700000000000045,0.0,tp,212,232
2025-12-04T15:45:00-05:00,2025-12-04T17:45:00-05:00,long,183.42,183.12774999999996,1.0,-0.2922500000000241,-0.2922500000000241,0.0,sl,239,247
2025-12-08T04:00:00-05:00,2025-12-08T04:30:00-05:00,short,182.05,182.41225,1.0,-0.36224999999998886,-0.36224999999998886,0.0,sl,320,322
2025-12-08T05:15:00-05:00,2025-12-08T08:15:00-05:00,long,182.72,182.48,1.0,-0.2400000000000091,-0.2400000000000091,0.0,reverse,325,337
2025-12-08T08:15:00-05:00,2025-12-08T09:30:00-05:00,short,182.48,183.50462499999998,1.0,-1.0246249999999861,-1.0246249999999861,0.0,sl,337,342
2025-12-08T09:30:00-05:00,2025-12-08T09:45:00-05:00,long,185.15,183.757875,1.0,-1.392124999999993,-1.392124999999993,0.0,sl,342,343
2025-12-08T12:45:00-05:00,2025-12-08T14:00:00-05:00,long,185.84,183.747875,1.0,-2.09212500000001,-2.09212500000001,0.0,sl,355,360
2025-12-08T16:15:00-05:00,2025-12-08T19:00:00-05:00,long,186.89,189.255,1.0,2.365000000000009,2.365000000000009,0.0,tp,369,380
2025-12-09T07:00:00-05:00,2025-12-09T08:30:00-05:00,long,187.27,186.45450000000002,1.0,-0.8154999999999859,-0.8154999999999859,0.0,sl,396,402
2025-12-09T09:15:00-05:00,2025-12-09T14:45:00-05:00,short,185.54,184.18,1.0,1.3599999999999852,1.3599999999999852,0.0,tp,405,427
2025-12-09T19:15:00-05:00,2025-12-10T04:00:00-05:00,short,184.31,184.55465,1.0,-0.24465000000000714,-0.24465000000000714,0.0,sl,445,448
2025-12-10T05:15:00-05:00,2025-12-10T06:00:00-05:00,short,184.5,185.2595,1.0,-0.7595000000000027,-0.7595000000000027,0.0,sl,453,456
2025-12-10T06:00:00-05:00,2025-12-10T09:00:00-05:00,long,185.26,184.7245,1.0,-0.5354999999999848,-0.5354999999999848,0.0,sl,456,468
2025-12-10T09:45:00-05:00,2025-12-10T14:45:00-05:00,short,184.32,184.56,1.0,-0.2400000000000091,-0.2400000000000091,0.0,reverse,471,491
2025-12-10T14:45:00-05:00,2025-12-10T16:00:00-05:00,long,184.56,183.03400000000002,1.0,-1.525999999999982,-1.525999999999982,0.0,sl,491,496
2025-12-10T16:00:00-05:00,2025-12-10T19:00:00-05:00,short,182.41,181.32,1.0,1.0900000000000034,1.0900000000000034,0.0,tp,496,508
2025-12-11T08:30:00-05:00,2025-12-11T09:45:00-05:00,short,180.73,176.86999999999998,1.0,3.8600000000000136,3.8600000000000136,0.0,tp,530,535
2025-12-11T17:30:00-05:00,2025-12-12T04:00:00-05:00,short,180.0,180.53725,1.0,-0.5372500000000002,-0.5372500000000002,0.0,sl,566,576
2025-12-12T06:00:00-05:00,2025-12-12T07:45:00-05:00,long,180.17,183.1725,1.0,3.002500000000026,3.002500000000026,0.0,tp,584,591
2025-12-15T11:15:00-05:00,2025-12-15T12:45:00-05:00,long,178.26,177.12337499999998,1.0,-1.1366250000000093,-1.1366250000000093,0.0,sl,669,675
2025-12-15T15:15:00-05:00,2025-12-15T18:00:00-05:00,short,176.33,176.63275000000002,1.0,-0.3027500000000032,-0.3027500000000032,0.0,sl,685,696
2025-12-16T09:15:00-05:00,2025-12-16T09:45:00-05:00,short,176.23,177.31,1.0,-1.0800000000000125,-1.0800000000000125,0.0,reverse,725,727
2025-12-16T09:45:00-05:00,2025-12-16T10:15:00-05:00,long,177.31,175.616,1.0,-1.6939999999999884,-1.6939999999999884,0.0,sl,727,729
2025-12-16T14:00:00-05:00,2025-12-16T15:00:00-05:00,short,176.14,177.15237499999998,1.0,-1.0123749999999916,-1.0123749999999916,0.0,sl,744,748
2025-12-16T15:30:00-05:00,2025-12-16T17:15:00-05:00,long,177.82,177.215375,1.0,-0.6046249999999986,-0.6046249999999986,0.0,sl,750,757
2025-12-17T04:00:00-05:00,2025-12-17T08:00:00-05:00,long,177.46,177.38,1.0,-0.0800000000000125,-0.0800000000000125,0.0,reverse,768,784
2025-12-17T08:00:00-05:00,2025-12-17T10:45:00-05:00,short,177.38,171.425,1.0,5.954999999999984,5.954999999999984,0.0,tp,784,795
2025-12-18T04:00:00-05:00,2025-12-18T08:30:00-05:00,long,172.57,174.33999999999997,1.0,1.7699999999999818,1.7699999999999818,0.0,tp,832,850
2025-12-18T09:30:00-05:00,2025-12-18T10:15:00-05:00,short,172.87,174.93675000000002,1.0,-2.066750000000013,-2.066750000000013,0.0,sl,854,857
2025-12-18T10:15:00-05:00,2025-12-18T12:15:00-05:00,long,175.04,173.87712499999998,1.0,-1.1628750000000139,-1.1628750000000139,0.0,sl,857,865
2025-12-18T14:45:00-05:00,2025-12-18T15:00:00-05:00,short,173.91,174.77625,1.0,-0.866250000000008,-0.866250000000008,0.0,sl,875,876
2025-12-18T18:00:00-05:00,2025-12-19T04:30:00-05:00,long,174.88,176.52949999999998,1.0,1.649499999999989,1.649499999999989,0.0,tp,888,898
2025-12-19T09:15:00-05:00,2025-12-19T12:00:00-05:00,long,176.71,179.84000000000003,1.0,3.130000000000024,3.130000000000024,0.0,tp,917,928
2025-12-19T14:30:00-05:00,2025-12-19T19:30:00-05:00,long,180.85,181.27500000000003,1.0,0.4250000000000398,0.4250000000000398,0.0,tp,938,958
2025-12-22T07:15:00-05:00,2025-12-22T09:15:00-05:00,long,184.33,183.86537500000003,1.0,-0.46462499999998386,-0.46462499999998386,0.0,sl,973,981
2025-12-22T09:45:00-05:00,2025-12-22T12:15:00-05:00,long,183.84,183.077875,1.0,-0.7621249999999975,-0.7621249999999975,0.0,sl,983,993
2025-12-23T04:15:00-05:00,2025-12-23T05:15:00-05:00,long,183.565,183.10492499999998,1.0,-0.46007500000001755,-0.46007500000001755,0.0,sl,1025,1029
2025-12-23T19:45:00-05:00,2025-12-24T05:15:00-05:00,long,188.7,188.3395,1.0,-0.3605000000000018,-0.3605000000000018,0.0,sl,1087,1093
2025-12-24T07:30:00-05:00,2025-12-24T09:15:00-05:00,long,188.67,188.20624999999998,1.0,-0.46375000000000455,-0.46375000000000455,0.0,sl,1102,1109
2025-12-24T09:15:00-05:00,2025-12-24T09:30:00-05:00,short,187.94,188.57,1.0,-0.6299999999999955,-0.6299999999999955,0.0,sl,1109,1110
2025-12-24T11:30:00-05:00,2025-12-24T15:30:00-05:00,long,188.42,188.34125,1.0,-0.07874999999998522,-0.07874999999998522,0.0,sl,1118,1134
2025-12-26T04:00:00-05:00,2025-12-26T07:00:00-05:00,long,189.79,189.563375,1.0,-0.2266249999999843,-0.2266249999999843,0.0,sl,1140,1152
2025-12-26T08:00:00-05:00,2025-12-26T13:30:00-05:00,long,189.93,191.66500000000002,1.0,1.7350000000000136,1.7350000000000136,0.0,tp,1156,1178
2025-12-29T08:45:00-05:00,2025-12-30T04:00:00-05:00,short,187.955,188.07,1.0,-0.11499999999998067,-0.11499999999998067,0.0,reverse,1223,1268
2025-12-30T04:00:00-05:00,2025-12-30T09:30:00-05:00,long,188.07,187.460125,1.0,-0.6098749999999882,-0.6098749999999882,0.0,sl,1268,1290
2025-12-30T11:15:00-05:00,2025-12-30T12:30:00-05:00,long,188.26,187.7525,1.0,-0.5074999999999932,-0.5074999999999932,0.0,sl,1297,1302
2025-12-30T15:00:00-05:00,2025-12-30T19:30:00-05:00,short,187.56,187.08499999999998,1.0,0.47500000000002274,0.47500000000002274,0.0,tp,1312,1330
2026-01-02T04:00:00-05:00,2026-01-02T06:00:00-05:00,long,190.11,189.87725,1.0,-0.23275000000001,-0.23275000000001,0.0,sl,1396,1404
2026-01-02T09:15:00-05:00,2026-01-02T09:45:00-05:00,long,189.9,192.885,1.0,2.984999999999985,2.984999999999985,0.0,tp,1417,1419
2026-01-05T04:00:00-05:00,2026-01-05T07:00:00-05:00,long,190.27,191.69500000000002,1.0,1.4250000000000114,1.4250000000000114,0.0,tp,1460,1472
2026-01-05T09:30:00-05:00,2026-01-05T14:00:00-05:00,short,190.23,187.41,1.0,2.819999999999993,2.819999999999993,0.0,tp,1482,1500
2026-01-05T17:30:00-05:00,2026-01-06T04:00:00-05:00,short,187.73,188.339,1.0,-0.6090000000000089,-0.6090000000000089,0.0,sl,1514,1524
2026-01-06T04:30:00-05:00,2026-01-06T09:15:00-05:00,long,189.05,190.6775,1.0,1.6274999999999977,1.6274999999999977,0.0,tp,1526,1545
2026-01-07T04:00:00-05:00,2026-01-07T06:45:00-05:00,short,187.55,187.97875,1.0,-0.42874999999997954,-0.42874999999997954,0.0,sl,1588,1599
2026-01-07T09:00:00-05:00,2026-01-07T09:15:00-05:00,short,187.87,188.521,1.0,-0.650999999999982,-0.650999999999982,0.0,sl,1608,1609
2026-01-07T09:15:00-05:00,2026-01-07T09:30:00-05:00,long,188.59,187.60825,1.0,-0.9817500000000052,-0.9817500000000052,0.0,sl,1609,1610
2026-01-07T15:00:00-05:00,2026-01-07T17:15:00-05:00,short,188.88,189.18012499999998,1.0,-0.30012499999998,-0.30012499999998,0.0,sl,1632,1641
2026-01-07T19:45:00-05:00,2026-01-08T04:00:00-05:00,long,189.36,190.1845,1.0,0.8245000000000005,0.8245000000000005,0.0,tp,1651,1652
2026-01-08T06:30:00-05:00,2026-01-08T07:30:00-05:00,long,190.13,189.57175,1.0,-0.5582499999999868,-0.5582499999999868,0.0,sl,1662,1666
2026-01-08T09:00:00-05:00,2026-01-08T09:30:00-05:00,short,189.465,187.015,1.0,2.450000000000017,2.450000000000017,0.0,tp,1672,1674
2026-01-08T12:00:00-05:00,2026-01-08T15:15:00-05:00,short,184.38,185.177125,1.0,-0.7971249999999941,-0.7971249999999941,0.0,sl,1684,1697
2026-01-08T19:45:00-05:00,2026-01-09T04:00:00-05:00,short,185.011,185.202975,1.0,-0.19197500000001355,-0.19197500000001355,0.0,sl,1715,1716
2026-01-09T14:00:00-05:00,2026-01-09T15:30:00-05:00,long,185.85,185.158925,1.0,-0.6910749999999837,-0.6910749999999837,0.0,sl,1756,1762
2026-01-09T15:45:00-05:00,2026-01-09T17:45:00-05:00,short,184.86,184.96500000000003,1.0,-0.10500000000001819,-0.10500000000001819,0.0,sl,1763,1771
2026-01-12T04:00:00-05:00,2026-01-12T08:00:00-05:00,short,182.8,183.12725,1.0,-0.32724999999999227,-0.32724999999999227,0.0,sl,1780,1796
2026-01-13T04:00:00-05:00,2026-01-13T07:00:00-05:00,long,185.23,184.82225,1.0,-0.40774999999999295,-0.40774999999999295,0.0,sl,1844,1856
2026-01-13T08:30:00-05:00,2026-01-13T09:15:00-05:00,long,185.83,185.14575000000002,1.0,-0.6842499999999916,-0.6842499999999916,0.0,sl,1862,1865
2026-01-13T09:15:00-05:00,2026-01-13T11:30:00-05:00,short,184.97,186.321875,1.0,-1.3518750000000068,-1.3518750000000068,0.0,sl,1865,1874
2026-01-13T11:30:00-05:00,2026-01-13T12:45:00-05:00,long,186.69,185.136875,1.0,-1.5531249999999943,-1.5531249999999943,0.0,sl,1874,1879
2026-01-13T15:45:00-05:00,2026-01-14T04:00:00-05:00,long,185.8,185.553425,1.0,-0.2465750000000071,-0.2465750000000071,0.0,sl,1891,1908
2026-01-14T04:00:00-05:00,2026-01-14T09:30:00-05:00,short,185.31,182.615,1.0,2.694999999999993,2.694999999999993,0.0,tp,1908,1930
2026-01-14T15:45:00-05:00,2026-01-14T17:30:00-05:00,long,183.22,182.721425,1.0,-0.4985749999999882,-0.4985749999999882,0.0,sl,1955,1962
2026-01-15T08:30:00-05:00,2026-01-15T12:45:00-05:00,long,185.87,188.39,1.0,2.519999999999982,2.519999999999982,0.0,tp,1990,2007
2026-01-15T19:15:00-05:00,2026-01-16T04:00:00-05:00,long,187.65,188.68250000000003,1.0,1.0325000000000273,1.0325000000000273,0.0,tp,2033,2036
2026-01-16T09:15:00-05:00,2026-01-16T10:15:00-05:00,long,189.0,187.65949999999998,1.0,-1.34050000000002,-1.34050000000002,0.0,sl,2057,2061
2026-01-16T10:15:00-05:00,2026-01-16T13:45:00-05:00,short,187.64,188.158,1.0,-0.5180000000000007,-0.5180000000000007,0.0,sl,2061,2075
2026-01-20T08:30:00-05:00,2026-01-20T13:30:00-05:00,short,181.79,179.51749999999998,1.0,2.272500000000008,2.272500000000008,0.0,tp,2118,2138
2026-01-21T04:45:00-05:00,2026-01-21T05:15:00-05:00,short,178.84,179.352575,1.0,-0.5125749999999982,-0.5125749999999982,0.0,sl,2167,2169
2026-01-21T06:45:00-05:00,2026-01-21T09:00:00-05:00,short,178.52,179.46675000000002,1.0,-0.9467500000000086,-0.9467500000000086,0.0,sl,2175,2184
2026-01-21T09:00:00-05:00,2026-01-21T09:15:00-05:00,long,180.23,179.09249999999997,1.0,-1.137500000000017,-1.137500000000017,0.0,sl,2184,2185
2026-01-21T09:15:00-05:00,2026-01-21T09:45:00-05:00,short,179.03,180.5455,1.0,-1.515500000000003,-1.515500000000003,0.0,sl,2185,2187
2026-01-21T10:15:00-05:00,2026-01-21T14:45:00-05:00,long,180.82,184.7975,1.0,3.9775000000000205,3.9775000000000205,0.0,tp,2189,2207
2026-01-22T04:00:00-05:00,2026-01-22T06:30:00-05:00,long,185.09,184.67000000000002,1.0,-0.4199999999999875,-0.4199999999999875,0.0,sl,2228,2238
2026-01-22T10:30:00-05:00,2026-01-22T14:00:00-05:00,long,184.97,184.29275,1.0,-0.6772499999999866,-0.6772499999999866,0.0,sl,2254,2268
2026-01-22T15:45:00-05:00,2026-01-22T16:45:00-05:00,long,184.84,184.202125,1.0,-0.6378750000000082,-0.6378750000000082,0.0,sl,2275,2279
2026-01-22T18:00:00-05:00,2026-01-22T19:30:00-05:00,short,184.04,184.28132499999998,1.0,-0.24132499999998913,-0.24132499999998913,0.0,sl,2284,2290
2026-01-23T06:00:00-05:00,2026-01-23T08:15:00-05:00,long,187.99,187.0625,1.0,-0.9275000000000091,-0.9275000000000091,0.0,sl,2300,2309
2026-01-23T09:30:00-05:00,2026-01-23T17:45:00-05:00,long,187.56,187.3535,1.0,-0.20650000000000546,-0.20650000000000546,0.0,sl,2314,2347
2026-01-26T13:45:00-05:00,2026-01-26T14:15:00-05:00,long,187.05,186.496125,1.0,-0.553875000000005,-0.553875000000005,0.0,sl,2395,2397
2026-01-26T14:45:00-05:00,2026-01-26T15:45:00-05:00,short,186.265,186.787375,1.0,-0.5223750000000109,-0.5223750000000109,0.0,sl,2399,2403
2026-01-27T04:00:00-05:00,2026-01-27T09:30:00-05:00,long,187.23,186.71462499999998,1.0,-0.5153750000000059,-0.5153750000000059,0.0,sl,2420,2442
2026-01-27T09:45:00-05:00,2026-01-27T12:15:00-05:00,long,187.64,189.6225,1.0,1.982500000000016,1.982500000000016,0.0,tp,2443,2453
2026-01-27T19:30:00-05:00,2026-01-27T19:45:00-05:00,long,189.49,189.23275,1.0,-0.2572499999999991,-0.2572499999999991,0.0,sl,2482,2483
2026-01-28T09:30:00-05:00,2026-01-28T10:45:00-05:00,long,192.15,190.938125,1.0,-1.211874999999992,-1.211874999999992,0.0,sl,2506,2511
2026-01-28T13:15:00-05:00,2026-01-28T14:30:00-05:00,long,191.72,190.9332,1.0,-0.7867999999999995,-0.7867999999999995,0.0,sl,2521,2526
2026-01-28T18:30:00-05:00,2026-01-29T07:00:00-05:00,short,191.01,191.43175,1.0,-0.42175000000000296,-0.42175000000000296,0.0,sl,2542,2560
2026-01-29T09:30:00-05:00,2026-01-29T09:45:00-05:00,short,190.6,191.85825,1.0,-1.2582500000000039,-1.2582500000000039,0.0,sl,2570,2571
2026-01-29T18:00:00-05:00,2026-01-29T18:15:00-05:00,short,190.66,191.35125,1.0,-0.6912499999999966,-0.6912499999999966,0.0,sl,2604,2605
2026-01-29T18:30:00-05:00,2026-01-30T04:00:00-05:00,long,191.56,190.72717500000002,1.0,-0.8328249999999855,-0.8328249999999855,0.0,sl,2606,2612
2026-01-30T04:00:00-05:00,2026-01-30T06:45:00-05:00,short,189.55,190.18875,1.0,-0.6387499999999875,-0.6387499999999875,0.0,sl,2612,2623
2026-01-30T13:30:00-05:00,2026-01-30T15:45:00-05:00,short,190.87,191.39,1.0,-0.5199999999999818,-0.5199999999999818,0.0,reverse,2650,2659
2026-01-30T15:45:00-05:00,2026-01-30T16:45:00-05:00,long,191.39,190.43887499999997,1.0,-0.9511250000000189,-0.9511250000000189,0.0,sl,2659,2663
2026-01-30T18:45:00-05:00,2026-02-02T04:00:00-05:00,short,189.95,187.32,1.0,2.6299999999999955,2.6299999999999955,0.0,tp,2671,2676
2026-02-02T04:00:00-05:00,2026-02-02T06:45:00-05:00,short,187.31,187.90675,1.0,-0.5967499999999859,-0.5967499999999859,0.0,sl,2676,2687
2026-02-02T08:15:00-05:00,2026-02-02T12:00:00-05:00,short,188.41,189.567625,1.0,-1.157624999999996,-1.157624999999996,0.0,sl,2693,2708
2026-02-02T14:30:00-05:00,2026-02-02T15:30:00-05:00,short,189.01,185.67000000000002,1.0,3.339999999999975,3.339999999999975,0.0,tp,2718,2722
2026-02-03T09:15:00-05:00,2026-02-03T09:30:00-05:00,short,186.22,183.1925,1.0,3.0275000000000034,3.0275000000000034,0.0,tp,2761,2762
2026-02-04T15:45:00-05:00,2026-02-04T16:00:00-05:00,short,174.19,176.154375,1.0,-1.9643749999999898,-1.9643749999999898,0.0,sl,2851,2852
2026-02-04T16:00:00-05:00,2026-02-05T06:15:00-05:00,long,177.08,176.99,1.0,-0.09000000000000341,-0.09000000000000341,0.0,reverse,2852,2877
2026-02-05T06:15:00-05:00,2026-02-05T07:45:00-05:00,short,176.99,172.57,1.0,4.420000000000016,4.420000000000016,0.0,tp,2877,2883
2026-02-05T14:30:00-05:00,2026-02-05T18:45:00-05:00,short,173.08,170.07550000000003,1.0,3.004499999999979,3.004499999999979,0.0,tp,2910,2927
2026-02-06T04:00:00-05:00,2026-02-06T06:00:00-05:00,long,174.38,177.59000000000003,1.0,3.2100000000000364,3.2100000000000364,0.0,tp,2932,2940
2026-02-06T09:30:00-05:00,2026-02-06T12:15:00-05:00,long,179.94,184.2825,1.0,4.342500000000001,4.342500000000001,0.0,tp,2954,2965
2026-02-09T07:00:00-05:00,2026-02-09T09:30:00-05:00,long,184.15,189.85500000000002,1.0,5.7050000000000125,5.7050000000000125,0.0,tp,3008,3018
2026-02-10T04:00:00-05:00,2026-02-10T06:15:00-05:00,long,191.15,190.758,1.0,-0.3919999999999959,-0.3919999999999959,0.0,sl,3060,3069
2026-02-11T04:15:00-05:00,2026-02-11T06:00:00-05:00,short,188.68,189.24175,1.0,-0.5617499999999893,-0.5617499999999893,0.0,sl,3125,3132
2026-02-11T06:00:00-05:00,2026-02-11T08:45:00-05:00,long,189.11,191.79500000000002,1.0,2.6850000000000023,2.6850000000000023,0.0,tp,3132,3143
2026-02-11T11:00:00-05:00,2026-02-11T15:15:00-05:00,long,191.85,191.095575,1.0,-0.7544249999999977,-0.7544249999999977,0.0,sl,3152,3169
2026-02-12T14:45:00-05:00,2026-02-13T06:15:00-05:00,short,188.27,186.20499999999998,1.0,2.065000000000026,2.065000000000026,0.0,tp,3231,3261
2026-02-13T09:30:00-05:00,2026-02-13T17:45:00-05:00,short,184.25,183.52549999999997,1.0,0.7245000000000346,0.7245000000000346,0.0,tp,3274,3307
2026-02-17T05:30:00-05:00,2026-02-17T06:30:00-05:00,short,180.91,181.60475,1.0,-0.6947499999999991,-0.6947499999999991,0.0,sl,3322,3326
2026-02-17T08:00:00-05:00,2026-02-17T08:45:00-05:00,short,180.47,181.59,1.0,-1.1200000000000045,-1.1200000000000045,0.0,sl,3332,3335
2026-02-17T09:45:00-05:00,2026-02-17T10:45:00-05:00,short,179.3,181.550675,1.0,-2.250675000000001,-2.250675000000001,0.0,sl,3339,3343
2026-02-17T16:15:00-05:00,2026-02-17T17:30:00-05:00,long,187.98,186.56074999999998,1.0,-1.4192500000000052,-1.4192500000000052,0.0,sl,3365,3370
2026-02-17T19:30:00-05:00,2026-02-18T06:30:00-05:00,long,186.45,188.165,1.0,1.7150000000000034,1.7150000000000034,0.0,tp,3378,3390
2026-02-18T14:30:00-05:00,2026-02-18T17:45:00-05:00,short,187.9,188.27415000000002,1.0,-0.3741500000000144,-0.3741500000000144,0.0,sl,3422,3435
2026-02-18T17:45:00-05:00,2026-02-18T19:15:00-05:00,long,188.3,187.91342500000002,1.0,-0.38657499999999345,-0.38657499999999345,0.0,sl,3435,3441
2026-02-18T19:45:00-05:00,2026-02-19T04:00:00-05:00,short,187.91,188.394575,1.0,-0.48457500000000664,-0.48457500000000664,0.0,sl,3443,3444
2026-02-19T10:00:00-05:00,2026-02-19T11:45:00-05:00,long,187.87,186.505,1.0,-1.365000000000009,-1.365000000000009,0.0,sl,3468,3475
2026-02-19T12:30:00-05:00,2026-02-19T15:00:00-05:00,short,186.31,187.038875,1.0,-0.728874999999988,-0.728874999999988,0.0,sl,3478,3488
2026-02-19T15:30:00-05:00,2026-02-20T04:30:00-05:00,long,187.24,188.9245,1.0,1.6844999999999857,1.6844999999999857,0.0,tp,3490,3510
2026-02-20T09:30:00-05:00,2026-02-20T16:45:00-05:00,long,188.06,189.65499999999997,1.0,1.5949999999999704,1.5949999999999704,0.0,tp,3530,3559
2026-02-23T04:15:00-05:00,2026-02-23T05:15:00-05:00,long,190.3,189.58075,1.0,-0.7192500000000166,-0.7192500000000166,0.0,sl,3573,3577
2026-02-23T08:00:00-05:00,2026-02-23T09:30:00-05:00,long,190.19,193.495,1.0,3.305000000000007,3.305000000000007,0.0,tp,3588,3594
2026-02-23T13:30:00-05:00,2026-02-23T14:30:00-05:00,long,191.51,190.6098,1.0,-0.9001999999999839,-0.9001999999999839,0.0,sl,3610,3614
2026-02-23T15:00:00-05:00,2026-02-23T15:30:00-05:00,short,190.315,191.204875,1.0,-0.8898749999999893,-0.8898749999999893,0.0,sl,3616,3618
2026-02-23T15:45:00-05:00,2026-02-24T04:00:00-05:00,long,191.64,192.8245,1.0,1.184500000000014,1.184500000000014,0.0,tp,3619,3636
2026-02-24T09:30:00-05:00,2026-02-24T10:15:00-05:00,short,190.26,192.01,1.0,-1.75,-1.75,0.0,reverse,3658,3661
2026-02-24T10:15:00-05:00,2026-02-24T18:00:00-05:00,long,192.01,192.635,1.0,0.625,0.625,0.0,tp,3661,3692
2026-02-25T09:30:00-05:00,2026-02-25T12:00:00-05:00,long,194.62,197.4275,1.0,2.8075000000000045,2.8075000000000045,0.0,tp,3722,3732
2026-02-25T16:30:00-05:00,2026-02-25T17:15:00-05:00,long,201.51,197.23999999999998,1.0,-4.27000000000001,-4.27000000000001,0.0,sl,3750,3753
2026-02-26T04:00:00-05:00,2026-02-26T05:30:00-05:00,long,198.3,196.872175,1.0,-1.4278250000000128,-1.4278250000000128,0.0,sl,3764,3770
2026-02-27T05:00:00-05:00,2026-02-27T08:15:00-05:00,short,185.56,182.52000000000004,1.0,3.0399999999999636,3.0399999999999636,0.0,tp,3832,3845
2026-02-27T13:00:00-05:00,2026-02-27T17:45:00-05:00,short,179.29,177.92000000000002,1.0,1.3699999999999761,1.3699999999999761,0.0,tp,3864,3883
2026-03-02T07:15:00-05:00,2026-03-02T09:30:00-05:00,short,174.48,176.461,1.0,-1.981000000000023,-1.981000000000023,0.0,sl,3905,3914
2026-03-02T09:30:00-05:00,2026-03-02T13:15:00-05:00,long,179.59,182.72000000000003,1.0,3.130000000000024,3.130000000000024,0.0,tp,3914,3929
2026-03-03T09:00:00-05:00,2026-03-03T09:15:00-05:00,short,177.19,178.12625,1.0,-0.9362500000000011,-0.9362500000000011,0.0,sl,3976,3977
2026-03-03T10:15:00-05:00,2026-03-03T11:45:00-05:00,short,177.78,179.775875,1.0,-1.9958750000000123,-1.9958750000000123,0.0,sl,3981,3987
2026-03-03T11:45:00-05:00,2026-03-03T17:30:00-05:00,long,180.04,179.663925,1.0,-0.37607499999998595,-0.37607499999998595,0.0,sl,3987,4010
2026-03-04T08:00:00-05:00,2026-03-04T09:15:00-05:00,long,182.25,181.11775,1.0,-1.132249999999999,-1.132249999999999,0.0,sl,4036,4041
2026-03-04T09:15:00-05:00,2026-03-04T09:30:00-05:00,short,180.42,181.80599999999998,1.0,-1.3859999999999957,-1.3859999999999957,0.0,sl,4041,4042
2026-03-04T10:00:00-05:00,2026-03-04T19:15:00-05:00,long,182.18,183.48950000000002,1.0,1.309500000000014,1.309500000000014,0.0,tp,4044,4081
2026-03-04T19:15:00-05:00,2026-03-05T04:00:00-05:00,long,183.58,183.02875,1.0,-0.5512500000000102,-0.5512500000000102,0.0,sl,4081,4084
2026-03-05T09:45:00-05:00,2026-03-05T10:30:00-05:00,long,182.47,180.850375,1.0,-1.619624999999985,-1.619624999999985,0.0,sl,4107,4110
2026-03-05T12:15:00-05:00,2026-03-05T15:30:00-05:00,short,181.11,182.322925,1.0,-1.2129249999999843,-1.2129249999999843,0.0,sl,4117,4130
2026-03-05T19:45:00-05:00,2026-03-06T04:00:00-05:00,short,182.04,182.50007499999998,1.0,-0.46007499999998913,-0.46007499999998913,0.0,sl,4147,4148
2026-03-06T14:15:00-05:00,2026-03-06T17:15:00-05:00,short,180.52,178.53000000000003,1.0,1.9899999999999807,1.9899999999999807,0.0,tp,4189,4201
2026-03-09T15:15:00-04:00,2026-03-09T17:45:00-04:00,long,182.03,181.69575,1.0,-0.33424999999999727,-0.33424999999999727,0.0,sl,4257,4267
2026-03-10T04:00:00-04:00,2026-03-10T07:00:00-04:00,long,183.19,182.679,1.0,-0.5109999999999957,-0.5109999999999957,0.0,sl,4276,4288
2026-03-10T09:15:00-04:00,2026-03-10T11:45:00-04:00,long,182.4,185.7745,1.0,3.3744999999999834,3.3744999999999834,0.0,tp,4297,4307
2026-03-10T16:00:00-04:00,2026-03-10T17:45:00-04:00,long,185.3,184.8695,1.0,-0.4305000000000234,-0.4305000000000234,0.0,sl,4324,4331
2026-03-11T06:15:00-04:00,2026-03-11T11:15:00-04:00,long,185.07,185.08,1.0,0.010000000000019327,0.010000000000019327,0.0,reverse,4349,4369
2026-03-11T11:15:00-04:00,2026-03-11T15:45:00-04:00,short,185.08,185.75900000000001,1.0,-0.679000000000002,-0.679000000000002,0.0,sl,4369,4387
2026-03-11T15:45:00-04:00,2026-03-11T16:45:00-04:00,long,186.0,185.49775,1.0,-0.5022500000000036,-0.5022500000000036,0.0,sl,4387,4391
2026-03-11T18:15:00-04:00,2026-03-12T07:30:00-04:00,short,185.08,185.42825000000002,1.0,-0.3482500000000073,-0.3482500000000073,0.0,sl,4397,4418
2026-03-12T08:15:00-04:00,2026-03-12T09:45:00-04:00,short,184.74,182.11,1.0,2.6299999999999955,2.6299999999999955,0.0,tp,4421,4427
2026-03-12T15:00:00-04:00,2026-03-12T18:30:00-04:00,short,183.01,183.332,1.0,-0.32200000000000273,-0.32200000000000273,0.0,sl,4448,4462
2026-03-13T10:00:00-04:00,2026-03-13T13:30:00-04:00,short,184.0,181.392,1.0,2.608000000000004,2.608000000000004,0.0,tp,4492,4506
2026-03-13T19:30:00-04:00,2026-03-16T04:00:00-04:00,short,180.26,180.80425,1.0,-0.5442500000000052,-0.5442500000000052,0.0,sl,4530,4532
2026-03-16T04:00:00-04:00,2026-03-16T08:15:00-04:00,long,181.94,183.36,1.0,1.420000000000016,1.420000000000016,0.0,tp,4532,4549
2026-03-16T15:00:00-04:00,2026-03-16T15:15:00-04:00,long,185.53,183.137575,1.0,-2.392425000000003,-2.392425000000003,0.0,sl,4576,4577
2026-03-16T15:15:00-04:00,2026-03-16T17:30:00-04:00,short,181.81,182.769,1.0,-0.9590000000000032,-0.9590000000000032,0.0,sl,4577,4586
2026-03-17T04:00:00-04:00,2026-03-17T07:45:00-04:00,long,183.35,183.19,1.0,-0.1599999999999966,-0.1599999999999966,0.0,reverse,4596,4611
2026-03-17T07:45:00-04:00,2026-03-17T08:15:00-04:00,short,183.19,183.67999999999998,1.0,-0.4899999999999807,-0.4899999999999807,0.0,sl,4611,4613
2026-03-17T08:30:00-04:00,2026-03-17T09:45:00-04:00,long,184.16,183.075875,1.0,-1.0841250000000002,-1.0841250000000002,0.0,sl,4614,4619
2026-03-17T14:00:00-04:00,2026-03-17T14:45:00-04:00,long,183.25,182.5311,1.0,-0.7188999999999908,-0.7188999999999908,0.0,sl,4636,4639
2026-03-17T15:45:00-04:00,2026-03-17T18:15:00-04:00,short,181.95,182.11625,1.0,-0.16625000000001933,-0.16625000000001933,0.0,sl,4643,4653
2026-03-18T10:45:00-04:00,2026-03-18T13:00:00-04:00,long,182.76,182.053875,1.0,-0.7061249999999859,-0.7061249999999859,0.0,sl,4687,4696
2026-03-18T14:45:00-04:00,2026-03-18T18:00:00-04:00,short,181.221,180.17100000000002,1.0,1.049999999999983,1.049999999999983,0.0,tp,4703,4716
2026-03-19T07:30:00-04:00,2026-03-19T09:30:00-04:00,short,178.92,175.89,1.0,3.030000000000001,3.030000000000001,0.0,tp,4738,4746
2026-03-20T09:45:00-04:00,2026-03-20T14:45:00-04:00,short,175.84,173.5625,1.0,2.2775000000000034,2.2775000000000034,0.0,tp,4811,4831
2026-03-23T04:00:00-04:00,2026-03-23T07:00:00-04:00,short,171.56,173.604,1.0,-2.044000000000011,-2.044000000000011,0.0,sl,4852,4864
2026-03-23T07:00:00-04:00,2026-03-23T11:45:00-04:00,long,177.53,176.162375,1.0,-1.3676250000000039,-1.3676250000000039,0.0,sl,4864,4883
2026-03-23T11:45:00-04:00,2026-03-23T13:45:00-04:00,short,175.13,176.040875,1.0,-0.9108750000000043,-0.9108750000000043,0.0,sl,4883,4891
2026-03-23T14:30:00-04:00,2026-03-23T15:45:00-04:00,long,176.525,175.73925,1.0,-0.7857500000000073,-0.7857500000000073,0.0,sl,4894,4899
2026-03-23T15:45:00-04:00,2026-03-23T18:00:00-04:00,short,175.6,175.879825,1.0,-0.27982500000001664,-0.27982500000001664,0.0,sl,4899,4908
2026-03-23T18:45:00-04:00,2026-03-23T19:45:00-04:00,long,176.19,175.924175,1.0,-0.26582500000000664,-0.26582500000000664,0.0,sl,4911,4915
2026-03-24T08:15:00-04:00,2026-03-24T11:15:00-04:00,short,175.47,175.63,1.0,-0.1599999999999966,-0.1599999999999966,0.0,reverse,4933,4945
2026-03-24T11:15:00-04:00,2026-03-24T13:00:00-04:00,long,175.63,174.754125,1.0,-0.8758750000000077,-0.8758750000000077,0.0,sl,4945,4952
2026-03-25T07:00:00-04:00,2026-03-25T08:30:00-04:00,long,177.9,177.31375,1.0,-0.5862500000000068,-0.5862500000000068,0.0,sl,4992,4998
2026-03-25T09:30:00-04:00,2026-03-25T14:45:00-04:00,long,179.21,178.409375,1.0,-0.8006249999999966,-0.8006249999999966,0.0,sl,5002,5023
2026-03-27T04:15:00-04:00,2026-03-27T12:15:00-04:00,short,171.975,169.0525,1.0,2.922499999999985,2.922499999999985,0.0,tp,5109,5141
2026-03-30T04:00:00-04:00,2026-03-30T06:30:00-04:00,long,168.46,168.1,1.0,-0.36000000000001364,-0.36000000000001364,0.0,reverse,5172,5182
2026-03-30T06:30:00-04:00,2026-03-30T07:15:00-04:00,short,168.1,168.96625,1.0,-0.866250000000008,-0.866250000000008,0.0,sl,5182,5185
2026-03-30T07:15:00-04:00,2026-03-30T09:30:00-04:00,long,169.18,168.18075000000002,1.0,-0.9992499999999893,-0.9992499999999893,0.0,sl,5185,5194
2026-03-30T09:30:00-04:00,2026-03-30T14:15:00-04:00,short,167.9,165.66500000000005,1.0,2.234999999999957,2.234999999999957,0.0,tp,5194,5213
2026-03-31T04:00:00-04:00,2026-03-31T06:30:00-04:00,long,166.8,166.27675000000002,1.0,-0.5232499999999902,-0.5232499999999902,0.0,sl,5236,5246
2026-03-31T06:30:00-04:00,2026-03-31T07:00:00-04:00,short,165.91,166.58724999999998,1.0,-0.6772499999999866,-0.6772499999999866,0.0,sl,5246,5248
2026-03-31T07:00:00-04:00,2026-03-31T10:15:00-04:00,long,166.7,170.61749999999998,1.0,3.9174999999999898,3.9174999999999898,0.0,tp,5248,5261
2026-04-01T11:00:00-04:00,2026-04-01T13:45:00-04:00,long,176.835,176.25225,1.0,-0.5827500000000043,-0.5827500000000043,0.0,sl,5328,5339
2026-04-01T15:15:00-04:00,2026-04-02T04:00:00-04:00,long,176.01,174.89175,1.0,-1.118249999999989,-1.118249999999989,0.0,sl,5345,5364
2026-04-02T04:00:00-04:00,2026-04-02T09:30:00-04:00,short,171.875,173.14725,1.0,-1.2722500000000139,-1.2722500000000139,0.0,sl,5364,5386
2026-04-06T15:00:00-04:00,2026-04-06T18:15:00-04:00,long,177.26,176.97475,1.0,-0.2852499999999907,-0.2852499999999907,0.0,sl,5472,5485
2026-04-06T18:15:00-04:00,2026-04-07T04:15:00-04:00,short,176.94,177.17,1.0,-0.22999999999998977,-0.22999999999998977,0.0,reverse,5485,5493
2026-04-07T04:15:00-04:00,2026-04-07T05:45:00-04:00,long,177.17,176.73,1.0,-0.4399999999999977,-0.4399999999999977,0.0,reverse,5493,5499
2026-04-07T05:45:00-04:00,2026-04-07T14:00:00-04:00,short,176.73,175.84,1.0,0.8899999999999864,0.8899999999999864,0.0,reverse,5499,5532
2026-04-07T14:00:00-04:00,2026-04-07T14:45:00-04:00,long,175.84,175.15925000000001,1.0,-0.6807499999999891,-0.6807499999999891,0.0,sl,5532,5535
2026-04-08T15:45:00-04:00,2026-04-08T17:00:00-04:00,long,182.14,181.6325,1.0,-0.5074999999999932,-0.5074999999999932,0.0,sl,5603,5608
2026-04-08T18:45:00-04:00,2026-04-09T09:15:00-04:00,short,181.09,181.74800000000002,1.0,-0.6580000000000155,-0.6580000000000155,0.0,sl,5615,5641
2026-04-09T09:15:00-04:00,2026-04-09T09:30:00-04:00,long,181.86,180.9955,1.0,-0.8645000000000209,-0.8645000000000209,0.0,sl,5641,5642
2026-04-10T06:15:00-04:00,2026-04-10T09:30:00-04:00,long,183.09,185.6495,1.0,2.5594999999999857,2.5594999999999857,0.0,tp,5693,5706
2026-04-10T19:45:00-04:00,2026-04-13T04:00:00-04:00,long,188.39,187.68824999999998,1.0,-0.7017500000000041,-0.7017500000000041,0.0,sl,5747,5748
2026-04-13T04:00:00-04:00,2026-04-13T06:45:00-04:00,short,185.965,186.38675,1.0,-0.42175000000000296,-0.42175000000000296,0.0,sl,5748,5759
2026-04-13T09:45:00-04:00,2026-04-13T18:00:00-04:00,long,188.03,188.98000000000002,1.0,0.950000000000017,0.950000000000017,0.0,tp,5771,5804
2026-04-14T07:00:00-04:00,2026-04-14T11:30:00-04:00,long,190.47,193.5825,1.0,3.1125000000000114,3.1125000000000114,0.0,tp,5824,5842
2026-04-15T06:45:00-04:00,2026-04-15T11:15:00-04:00,long,195.73,199.89499999999998,1.0,4.164999999999992,4.164999999999992,0.0,tp,5887,5905
2026-04-15T15:15:00-04:00,2026-04-16T04:00:00-04:00,long,198.245,199.535,1.0,1.289999999999992,1.289999999999992,0.0,tp,5921,5940
2026-04-16T10:45:00-04:00,2026-04-16T14:00:00-04:00,long,198.68,197.66500000000002,1.0,-1.0149999999999864,-1.0149999999999864,0.0,sl,5967,5980
2026-04-16T14:15:00-04:00,2026-04-16T15:15:00-04:00,short,197.495,198.33237499999998,1.0,-0.8373749999999802,-0.8373749999999802,0.0,sl,5981,5985
2026-04-17T10:00:00-04:00,2026-04-17T12:30:00-04:00,long,201.46,200.461625,1.0,-0.99837500000001,-0.99837500000001,0.0,sl,6028,6038
2026-04-20T10:00:00-04:00,2026-04-20T14:00:00-04:00,short,199.58,200.15662500000002,1.0,-0.576625000000007,-0.576625000000007,0.0,sl,6092,6108
2026-04-20T14:00:00-04:00,2026-04-20T15:45:00-04:00,long,200.31,202.16999999999996,1.0,1.8599999999999568,1.8599999999999568,0.0,tp,6108,6115
2026-04-21T10:00:00-04:00,2026-04-21T11:00:00-04:00,long,202.17,200.82774999999998,1.0,-1.342250000000007,-1.342250000000007,0.0,sl,6156,6160
2026-04-21T11:45:00-04:00,2026-04-22T04:00:00-04:00,short,200.7,201.015,1.0,-0.3149999999999977,-0.3149999999999977,0.0,sl,6163,6196
2026-04-22T08:30:00-04:00,2026-04-22T10:45:00-04:00,short,200.8,201.21,1.0,-0.4099999999999966,-0.4099999999999966,0.0,reverse,6214,6223
2026-04-22T10:45:00-04:00,2026-04-22T17:30:00-04:00,long,201.21,202.47499999999997,1.0,1.264999999999958,1.264999999999958,0.0,tp,6223,6250
2026-04-23T04:00:00-04:00,2026-04-23T07:45:00-04:00,short,201.32,201.81437499999998,1.0,-0.4943749999999909,-0.4943749999999909,0.0,sl,6260,6275
2026-04-24T05:45:00-04:00,2026-04-24T07:00:00-04:00,short,199.375,200.054875,1.0,-0.6798750000000098,-0.6798750000000098,0.0,sl,6331,6336
2026-04-24T07:00:00-04:00,2026-04-24T09:15:00-04:00,long,200.72,199.85025,1.0,-0.8697500000000105,-0.8697500000000105,0.0,sl,6336,6345
2026-04-24T09:30:00-04:00,2026-04-24T11:30:00-04:00,long,201.74,209.15500000000003,1.0,7.4150000000000205,7.4150000000000205,0.0,tp,6346,6354
2026-04-24T19:30:00-04:00,2026-04-27T04:00:00-04:00,long,208.2,209.46499999999997,1.0,1.2649999999999864,1.2649999999999864,0.0,tp,6386,6388
2026-04-27T12:00:00-04:00,2026-04-27T14:00:00-04:00,long,211.07,215.4475,1.0,4.377499999999998,4.377499999999998,0.0,tp,6420,6428
2026-04-28T10:45:00-04:00,2026-04-28T13:15:00-04:00,short,209.76,210.89925,1.0,-1.139250000000004,-1.139250000000004,0.0,sl,6479,6489
2026-04-28T14:00:00-04:00,2026-04-29T04:00:00-04:00,long,212.18,213.59500000000003,1.0,1.4150000000000205,1.4150000000000205,0.0,tp,6492,6516
2026-04-29T04:15:00-04:00,2026-04-29T09:30:00-04:00,long,213.23,212.11962499999998,1.0,-1.1103750000000048,-1.1103750000000048,0.0,sl,6517,6538
2026-04-30T09:15:00-04:00,2026-04-30T09:30:00-04:00,short,209.96,205.89499999999998,1.0,4.065000000000026,4.065000000000026,0.0,tp,6601,6602
2026-04-30T15:45:00-04:00,2026-04-30T17:30:00-04:00,short,199.53,200.55025,1.0,-1.0202500000000043,-1.0202500000000043,0.0,sl,6627,6634
2026-05-01T08:45:00-04:00,2026-05-01T09:15:00-04:00,short,200.66,201.4685,1.0,-0.8085000000000093,-0.8085000000000093,0.0,sl,6663,6665
2026-05-01T09:30:00-04:00,2026-05-01T09:45:00-04:00,long,201.93,200.31825,1.0,-1.6117500000000007,-1.6117500000000007,0.0,sl,6666,6667
2026-05-01T10:00:00-04:00,2026-05-01T17:15:00-04:00,short,200.0,198.42000000000002,1.0,1.579999999999984,1.579999999999984,0.0,tp,6668,6697
2026-05-04T04:00:00-04:00,2026-05-04T06:00:00-04:00,long,199.55,198.80800000000002,1.0,-0.7419999999999902,-0.7419999999999902,0.0,sl,6708,6716
2026-05-04T06:00:00-04:00,2026-05-04T06:30:00-04:00,short,197.35,198.40525,1.0,-1.055250000000001,-1.055250000000001,0.0,sl,6716,6718
2026-05-04T09:45:00-04:00,2026-05-04T13:45:00-04:00,short,198.71,198.31,1.0,0.4000000000000057,0.4000000000000057,0.0,reverse,6731,6747
2026-05-04T13:45:00-04:00,2026-05-04T17:45:00-04:00,long,198.31,197.8655,1.0,-0.444500000000005,-0.444500000000005,0.0,sl,6747,6763
2026-05-05T08:00:00-04:00,2026-05-05T09:30:00-04:00,long,199.15,198.24787500000002,1.0,-0.9021249999999839,-0.9021249999999839,0.0,sl,6788,6794
2026-05-05T17:45:00-04:00,2026-05-05T18:45:00-04:00,short,196.1,197.081575,1.0,-0.9815749999999923,-0.9815749999999923,0.0,sl,6827,6831
2026-05-06T09:30:00-04:00,2026-05-06T13:15:00-04:00,long,201.29,205.50500000000005,1.0,4.21500000000006,4.21500000000006,0.0,tp,6858,6873
2026-05-06T19:45:00-04:00,2026-05-07T14:00:00-04:00,long,207.25,213.04749999999999,1.0,5.797499999999985,5.797499999999985,0.0,tp,6899,6940
2026-05-07T19:45:00-04:00,2026-05-08T05:15:00-04:00,long,211.469,214.149,1.0,2.680000000000007,2.680000000000007,0.0,tp,6963,6969
2026-05-08T09:30:00-04:00,2026-05-08T10:30:00-04:00,long,216.755,214.69,1.0,-2.0649999999999977,-2.0649999999999977,0.0,sl,6986,6990
2026-05-11T09:00:00-04:00,2026-05-11T09:15:00-04:00,short,213.3,213.98775,1.0,-0.6877499999999941,-0.6877499999999941,0.0,sl,7048,7049
2026-05-11T10:45:00-04:00,2026-05-11T13:00:00-04:00,long,221.6,220.06699999999998,1.0,-1.5330000000000155,-1.5330000000000155,0.0,sl,7055,7064
2026-05-11T19:15:00-04:00,2026-05-12T04:00:00-04:00,long,219.99,219.13792500000002,1.0,-0.852074999999985,-0.852074999999985,0.0,sl,7089,7092
2026-05-12T04:00:00-04:00,2026-05-12T05:30:00-04:00,short,216.94,218.093075,1.0,-1.1530750000000012,-1.1530750000000012,0.0,sl,7092,7098
2026-05-12T13:45:00-04:00,2026-05-12T17:45:00-04:00,long,218.6,220.06,1.0,1.460000000000008,1.460000000000008,0.0,tp,7131,7147
2026-05-13T04:00:00-04:00,2026-05-13T07:00:00-04:00,long,225.85,224.95049999999998,1.0,-0.8995000000000175,-0.8995000000000175,0.0,sl,7156,7168
2026-05-13T10:45:00-04:00,2026-05-13T15:45:00-04:00,long,226.39,225.206125,1.0,-1.1838750000000005,-1.1838750000000005,0.0,sl,7183,7203
2026-05-14T08:15:00-04:00,2026-05-14T08:45:00-04:00,long,231.1,230.04999999999998,1.0,-1.0500000000000114,-1.0500000000000114,0.0,sl,7237,7239
2026-05-15T04:00:00-04:00,2026-05-15T09:30:00-04:00,short,231.85,225.0625,1.0,6.787499999999994,6.787499999999994,0.0,tp,7284,7306
2026-05-15T14:30:00-04:00,2026-05-15T17:00:00-04:00,short,228.68,225.49,1.0,3.1899999999999977,3.1899999999999977,0.0,tp,7326,7336
2026-05-18T06:30:00-04:00,2026-05-18T07:30:00-04:00,short,226.44,227.68775,1.0,-1.2477499999999964,-1.2477499999999964,0.0,sl,7358,7362
2026-05-18T07:30:00-04:00,2026-05-18T09:30:00-04:00,long,228.28,226.2465,1.0,-2.0335000000000036,-2.0335000000000036,0.0,sl,7362,7370
2026-05-18T09:30:00-04:00,2026-05-18T14:15:00-04:00,short,224.33,219.42000000000002,1.0,4.909999999999997,4.909999999999997,0.0,tp,7370,7389
2026-05-18T19:45:00-04:00,2026-05-19T08:00:00-04:00,short,222.71,220.0,1.0,2.710000000000008,2.710000000000008,0.0,tp,7411,7428
2026-05-19T09:30:00-04:00,2026-05-19T10:00:00-04:00,long,221.63,219.32,1.0,-2.3100000000000023,-2.3100000000000023,0.0,sl,7434,7436
2026-05-19T10:00:00-04:00,2026-05-19T11:30:00-04:00,short,218.65,221.32575,1.0,-2.6757499999999936,-2.6757499999999936,0.0,sl,7436,7442
2026-05-19T11:30:00-04:00,2026-05-19T15:30:00-04:00,long,221.7,221.46,1.0,-0.23999999999998067,-0.23999999999998067,0.0,reverse,7442,7458
2026-05-19T15:30:00-04:00,2026-05-19T18:00:00-04:00,short,221.46,222.09,1.0,-0.6299999999999955,-0.6299999999999955,0.0,sl,7458,7468
2026-05-20T04:00:00-04:00,2026-05-20T09:30:00-04:00,long,223.81,222.57625,1.0,-1.2337500000000148,-1.2337500000000148,0.0,sl,7476,7498
2026-05-20T10:00:00-04:00,2026-05-20T14:30:00-04:00,long,223.63,222.82,1.0,-0.8100000000000023,-0.8100000000000023,0.0,reverse,7500,7518
2026-05-20T14:30:00-04:00,2026-05-20T16:00:00-04:00,short,222.82,224.13075,1.0,-1.310750000000013,-1.310750000000013,0.0,sl,7518,7524
2026-05-20T16:15:00-04:00,2026-05-20T16:30:00-04:00,long,226.58,222.88225000000003,1.0,-3.697749999999985,-3.697749999999985,0.0,sl,7525,7526
2026-05-20T16:45:00-04:00,2026-05-21T04:00:00-04:00,short,222.42,224.331,1.0,-1.9110000000000014,-1.9110000000000014,0.0,sl,7527,7540
2026-05-21T04:00:00-04:00,2026-05-21T04:45:00-04:00,long,224.57,222.7465,1.0,-1.8234999999999957,-1.8234999999999957,0.0,sl,7540,7543
2026-05-21T08:00:00-04:00,2026-05-21T09:30:00-04:00,short,222.7,225.56212499999998,1.0,-2.862124999999992,-2.862124999999992,0.0,sl,7556,7562
2026-05-21T09:30:00-04:00,2026-05-21T10:15:00-04:00,long,223.89,219.6095,1.0,-4.280499999999989,-4.280499999999989,0.0,sl,7562,7565
2026-05-21T10:15:00-04:00,2026-05-21T13:00:00-04:00,short,218.97,220.28775000000002,1.0,-1.317750000000018,-1.317750000000018,0.0,sl,7565,7576
2026-05-21T13:30:00-04:00,2026-05-21T14:00:00-04:00,long,221.71,220.19975,1.0,-1.5102500000000134,-1.5102500000000134,0.0,sl,7578,7580
2026-05-21T14:30:00-04:00,2026-05-22T04:00:00-04:00,short,219.9,220.32665,1.0,-0.4266499999999951,-0.4266499999999951,0.0,sl,7582,7604
2026-05-22T08:00:00-04:00,2026-05-22T09:30:00-04:00,long,220.67,219.396,1.0,-1.274000000000001,-1.274000000000001,0.0,sl,7620,7626
2026-05-22T09:30:00-04:00,2026-05-22T14:00:00-04:00,short,219.18,215.63250000000002,1.0,3.547499999999985,3.547499999999985,0.0,tp,7626,7644
2026-05-26T04:00:00-04:00,2026-05-26T09:15:00-04:00,long,217.11,216.28662500000002,1.0,-0.8233749999999986,-0.8233749999999986,0.0,sl,7668,7689
2026-05-26T10:15:00-04:00,2026-05-26T11:00:00-04:00,long,217.59,214.58875,1.0,-3.001249999999999,-3.001249999999999,0.0,sl,7693,7696
2026-05-26T11:00:00-04:00,2026-05-27T04:45:00-04:00,short,214.42,214.95707499999997,1.0,-0.5370749999999873,-0.5370749999999873,0.0,sl,7696,7735
2026-05-27T19:30:00-04:00,2026-05-28T07:00:00-04:00,short,211.75,209.8,1.0,1.9499999999999886,1.9499999999999886,0.0,tp,7794,7808
2026-05-29T09:30:00-04:00,2026-05-29T10:30:00-04:00,long,216.04,214.49,1.0,-1.549999999999983,-1.549999999999983,0.0,reverse,7882,7886
2026-05-29T10:30:00-04:00,2026-05-29T12:00:00-04:00,short,214.49,216.919,1.0,-2.429000000000002,-2.429000000000002,0.0,sl,7886,7892
2026-05-29T14:30:00-04:00,2026-05-29T15:45:00-04:00,long,217.32,215.10537499999998,1.0,-2.2146250000000123,-2.2146250000000123,0.0,sl,7902,7907
2026-05-29T15:45:00-04:00,2026-05-29T17:30:00-04:00,short,211.17,212.808,1.0,-1.6380000000000052,-1.6380000000000052,0.0,sl,7907,7914
2026-06-01T04:00:00-04:00,2026-06-01T09:30:00-04:00,long,214.89,219.89,1.0,5.0,5.0,0.0,tp,7924,7946
2026-06-02T04:00:00-04:00,2026-06-02T09:30:00-04:00,long,227.0,225.621875,1.0,-1.3781250000000114,-1.3781250000000114,0.0,sl,7988,8010
2026-06-02T09:45:00-04:00,2026-06-02T10:15:00-04:00,long,231.41,228.476125,1.0,-2.9338750000000005,-2.9338750000000005,0.0,sl,8011,8013
2026-06-03T05:00:00-04:00,2026-06-03T07:00:00-04:00,short,221.11,222.08300000000003,1.0,-0.9730000000000132,-0.9730000000000132,0.0,sl,8056,8064
2026-06-03T08:30:00-04:00,2026-06-03T09:45:00-04:00,short,222.5,216.5255,1.0,5.974500000000006,5.974500000000006,0.0,tp,8070,8075
2026-06-04T09:45:00-04:00,2026-06-04T10:30:00-04:00,short,212.34,214.42600000000002,1.0,-2.0860000000000127,-2.0860000000000127,0.0,sl,8139,8142
2026-06-04T10:45:00-04:00,2026-06-04T13:30:00-04:00,long,215.41,219.5075,1.0,4.097499999999997,4.097499999999997,0.0,tp,8143,8154
2026-06-05T08:00:00-04:00,2026-06-05T11:00:00-04:00,short,215.2,209.47,1.0,5.72999999999999,5.72999999999999,0.0,tp,8196,8208
2026-06-08T04:00:00-04:00,2026-06-08T08:45:00-04:00,long,208.13,210.60750000000002,1.0,2.4775000000000205,2.4775000000000205,0.0,tp,8244,8263
2026-06-08T15:00:00-04:00,2026-06-08T17:45:00-04:00,short,207.86,208.22750000000002,1.0,-0.3675000000000068,-0.3675000000000068,0.0,sl,8288,8299
2026-06-09T09:15:00-04:00,2026-06-09T09:30:00-04:00,long,210.63,209.49425,1.0,-1.1357500000000016,-1.1357500000000016,0.0,sl,8329,8330
2026-06-09T09:45:00-04:00,2026-06-09T12:15:00-04:00,short,209.11,201.09499999999997,1.0,8.015000000000043,8.015000000000043,0.0,tp,8331,8341
2026-06-09T18:45:00-04:00,2026-06-09T19:00:00-04:00,short,206.12,206.771875,1.0,-0.6518749999999898,-0.6518749999999898,0.0,sl,8367,8368
2026-06-10T08:30:00-04:00,2026-06-10T09:15:00-04:00,long,205.41,203.863,1.0,-1.546999999999997,-1.546999999999997,0.0,sl,8390,8393
2026-06-10T11:00:00-04:00,2026-06-10T17:45:00-04:00,short,202.35,200.5855,1.0,1.7644999999999982,1.7644999999999982,0.0,tp,8400,8427
2026-06-11T08:15:00-04:00,2026-06-11T09:45:00-04:00,short,202.03,203.5,1.0,-1.4699999999999989,-1.4699999999999989,0.0,sl,8453,8459
2026-06-11T09:45:00-04:00,2026-06-11T10:45:00-04:00,long,202.78,200.71325,1.0,-2.066750000000013,-2.066750000000013,0.0,sl,8459,8463
2026-06-11T10:45:00-04:00,2026-06-11T13:15:00-04:00,short,200.22,201.96825,1.0,-1.748250000000013,-1.748250000000013,0.0,sl,8463,8473
2026-06-11T13:15:00-04:00,2026-06-11T17:15:00-04:00,long,202.82,205.11449999999996,1.0,2.294499999999971,2.294499999999971,0.0,tp,8473,8489
2026-06-12T06:00:00-04:00,2026-06-12T06:45:00-04:00,long,206.28,205.617625,1.0,-0.6623749999999973,-0.6623749999999973,0.0,sl,8508,8511
2026-06-12T10:15:00-04:00,2026-06-12T14:15:00-04:00,long,205.675,204.711625,1.0,-0.9633750000000134,-0.9633750000000134,0.0,sl,8525,8541
2026-06-12T19:00:00-04:00,2026-06-15T04:00:00-04:00,long,205.3,208.60250000000002,1.0,3.302500000000009,3.302500000000009,0.0,tp,8560,8564
2026-06-15T10:00:00-04:00,2026-06-15T12:30:00-04:00,long,209.32,212.51999999999998,1.0,3.1999999999999886,3.1999999999999886,0.0,tp,8588,8598
2026-06-15T19:30:00-04:00,2026-06-16T04:00:00-04:00,long,211.9,211.457425,1.0,-0.44257500000000505,-0.44257500000000505,0.0,sl,8626,8628
2026-06-16T07:00:00-04:00,2026-06-16T08:15:00-04:00,long,211.99,211.344425,1.0,-0.645575000000008,-0.645575000000008,0.0,sl,8640,8645
2026-06-17T07:15:00-04:00,2026-06-17T08:30:00-04:00,short,207.83,208.32700000000003,1.0,-0.4970000000000141,-0.4970000000000141,0.0,sl,8705,8710
2026-06-17T08:30:00-04:00,2026-06-17T09:30:00-04:00,long,208.58,207.77675000000002,1.0,-0.8032499999999914,-0.8032499999999914,0.0,sl,8710,8714
2026-06-17T09:45:00-04:00,2026-06-17T17:45:00-04:00,short,207.2,205.7525,1.0,1.447499999999991,1.447499999999991,0.0,tp,8715,8747
2026-06-22T07:00:00-04:00,2026-06-22T09:30:00-04:00,long,210.1,213.40499999999997,1.0,3.3049999999999784,3.3049999999999784,0.0,tp,8832,8842
2026-06-23T09:15:00-04:00,2026-06-23T09:45:00-04:00,short,202.02,203.61075,1.0,-1.5907499999999857,-1.5907499999999857,0.0,sl,8905,8907
2026-06-23T11:00:00-04:00,2026-06-23T12:00:00-04:00,short,201.1,202.5385,1.0,-1.4385000000000048,-1.4385000000000048,0.0,sl,8912,8916
2026-06-24T07:00:00-04:00,2026-06-24T07:45:00-04:00,short,201.07,201.546,1.0,-0.4759999999999991,-0.4759999999999991,0.0,sl,8960,8963
2026-06-24T09:00:00-04:00,2026-06-24T09:15:00-04:00,short,199.42,200.43499999999997,1.0,-1.0149999999999864,-1.0149999999999864,0.0,sl,8968,8969
2026-06-24T12:45:00-04:00,2026-06-24T16:45:00-04:00,short,199.24,201.062625,1.0,-1.822624999999988,-1.822624999999988,0.0,sl,8983,8999
2026-06-25T08:30:00-04:00,2026-06-25T09:15:00-04:00,long,201.48,200.66887499999999,1.0,-0.8111250000000041,-0.8111250000000041,0.0,sl,9030,9033
2026-06-25T09:15:00-04:00,2026-06-25T09:45:00-04:00,short,200.12,193.52249999999998,1.0,6.597500000000025,6.597500000000025,0.0,tp,9033,9035
2026-06-25T14:00:00-04:00,2026-06-25T14:15:00-04:00,short,194.34,195.669125,1.0,-1.3291250000000048,-1.3291250000000048,0.0,sl,9052,9053
2026-06-25T18:15:00-04:00,2026-06-25T19:15:00-04:00,short,194.5,195.16675,1.0,-0.6667500000000075,-0.6667500000000075,0.0,sl,9069,9073
2026-06-26T04:00:00-04:00,2026-06-26T06:00:00-04:00,short,193.05,193.878625,1.0,-0.8286249999999882,-0.8286249999999882,0.0,sl,9076,9084
2026-06-26T15:45:00-04:00,2026-06-26T18:00:00-04:00,short,191.99,192.41262500000002,1.0,-0.4226250000000107,-0.4226250000000107,0.0,sl,9123,9132
2026-06-29T09:30:00-04:00,2026-06-29T09:45:00-04:00,long,195.8,194.00275000000002,1.0,-1.7972499999999911,-1.7972499999999911,0.0,sl,9162,9163
2026-06-29T09:45:00-04:00,2026-06-29T10:30:00-04:00,short,193.31,194.43,1.0,-1.1200000000000045,-1.1200000000000045,0.0,reverse,9163,9166
2026-06-29T10:30:00-04:00,2026-06-29T12:15:00-04:00,long,194.43,192.86725,1.0,-1.562749999999994,-1.562749999999994,0.0,sl,9166,9173
2026-06-30T06:00:00-04:00,2026-06-30T13:00:00-04:00,long,195.77,198.46250000000003,1.0,2.692500000000024,2.692500000000024,0.0,tp,9212,9240
2026-07-01T04:00:00-04:00,2026-07-01T06:00:00-04:00,short,198.225,198.61525,1.0,-0.39025000000000887,-0.39025000000000887,0.0,sl,9268,9276
2026-07-01T06:15:00-04:00,2026-07-01T08:30:00-04:00,long,198.93,198.069175,1.0,-0.8608250000000055,-0.8608250000000055,0.0,sl,9277,9286
2026-07-01T08:30:00-04:00,2026-07-01T13:00:00-04:00,short,196.79,197.7105,1.0,-0.9205000000000041,-0.9205000000000041,0.0,sl,9286,9304
2026-07-01T15:45:00-04:00,2026-07-02T04:00:00-04:00,short,197.56,195.555,1.0,2.0049999999999955,2.0049999999999955,0.0,tp,9315,9332
2026-07-02T09:45:00-04:00,2026-07-02T10:30:00-04:00,long,198.86,196.85275000000001,1.0,-2.007249999999999,-2.007249999999999,0.0,sl,9355,9358
2026-07-02T10:30:00-04:00,2026-07-02T13:30:00-04:00,short,196.435,192.67,1.0,3.765000000000015,3.765000000000015,0.0,tp,9358,9370
2026-07-06T09:30:00-04:00,2026-07-06T13:45:00-04:00,long,195.375,195.695,1.0,0.3199999999999932,0.3199999999999932,0.0,reverse,9418,9435
2026-07-06T13:45:00-04:00,2026-07-06T14:00:00-04:00,short,195.695,196.444875,1.0,-0.749875000000003,-0.749875000000003,0.0,sl,9435,9436
2026-07-06T15:00:00-04:00,2026-07-06T15:45:00-04:00,long,196.85,195.99775,1.0,-0.852249999999998,-0.852249999999998,0.0,sl,9440,9443
2026-07-06T15:45:00-04:00,2026-07-07T04:00:00-04:00,short,195.57,194.215,1.0,1.3549999999999898,1.3549999999999898,0.0,tp,9443,9460
2026-07-07T19:15:00-04:00,2026-07-07T19:45:00-04:00,long,196.3,195.74175000000002,1.0,-0.5582499999999868,-0.5582499999999868,0.0,sl,9521,9523
2026-07-08T04:15:00-04:00,2026-07-08T08:00:00-04:00,short,194.01,194.9235,1.0,-0.9134999999999991,-0.9134999999999991,0.0,sl,9525,9540
2026-07-08T08:00:00-04:00,2026-07-08T12:45:00-04:00,long,195.06,200.70999999999998,1.0,5.649999999999977,5.649999999999977,0.0,tp,9540,9559
2026-07-08T19:30:00-04:00,2026-07-09T07:30:00-04:00,long,203.45,205.62699999999998,1.0,2.1769999999999925,2.1769999999999925,0.0,tp,9586,9602
2026-07-09T13:00:00-04:00,2026-07-09T15:45:00-04:00,long,203.08,202.75,1.0,-0.3300000000000125,-0.3300000000000125,0.0,reverse,9624,9635
2026-07-09T15:45:00-04:00,2026-07-10T04:00:00-04:00,short,202.75,201.26,1.0,1.490000000000009,1.490000000000009,0.0,tp,9635,9652
2026-07-13T04:00:00-04:00,2026-07-13T05:15:00-04:00,short,206.74,208.08925,1.0,-1.3492499999999836,-1.3492499999999836,0.0,sl,9716,9721
2026-07-13T10:30:00-04:00,2026-07-13T13:30:00-04:00,short,207.31,203.92000000000002,1.0,3.3899999999999864,3.3899999999999864,0.0,tp,9742,9754
2026-07-14T04:00:00-04:00,2026-07-14T06:00:00-04:00,long,204.97,204.519375,1.0,-0.4506250000000023,-0.4506250000000023,0.0,sl,9780,9788
2026-07-14T09:30:00-04:00,2026-07-14T10:30:00-04:00,short,204.21,206.65475,1.0,-2.444749999999999,-2.444749999999999,0.0,sl,9802,9806
2026-07-14T10:45:00-04:00,2026-07-14T13:15:00-04:00,long,207.485,211.1725,1.0,3.6875,3.6875,0.0,tp,9807,9817
2026-07-15T06:45:00-04:00,2026-07-15T08:00:00-04:00,long,211.69,211.004175,1.0,-0.6858249999999941,-0.6858249999999941,0.0,sl,9855,9860
2026-07-15T10:15:00-04:00,2026-07-15T12:30:00-04:00,short,210.7,206.33249999999998,1.0,4.367500000000007,4.367500000000007,0.0,tp,9869,9878
2026-07-16T07:30:00-04:00,2026-07-16T09:00:00-04:00,short,208.74,209.63075,1.0,-0.890749999999997,-0.890749999999997,0.0,sl,9922,9928
2026-07-16T09:15:00-04:00,2026-07-16T09:30:00-04:00,long,210.15,208.61875,1.0,-1.53125,-1.53125,0.0,sl,9929,9930
2026-07-16T09:30:00-04:00,2026-07-16T17:45:00-04:00,short,207.76,206.68,1.0,1.079999999999984,1.079999999999984,0.0,tp,9930,9963
2026-07-16T18:15:00-04:00,2026-07-17T04:00:00-04:00,short,206.2,202.05,1.0,4.149999999999977,4.149999999999977,0.0,tp,9965,9972
2026-07-17T09:30:00-04:00,2026-07-17T09:45:00-04:00,short,198.345,200.77225,1.0,-2.427250000000015,-2.427250000000015,0.0,sl,9994,9995
2026-07-17T14:00:00-04:00,2026-07-17T18:00:00-04:00,short,203.64,202.91999999999996,1.0,0.7200000000000273,0.7200000000000273,0.0,tp,10012,10028
2026-07-20T04:00:00-04:00,2026-07-20T07:30:00-04:00,long,203.7,206.27499999999998,1.0,2.5749999999999886,2.5749999999999886,0.0,tp,10036,10050
2026-07-21T13:30:00-04:00,2026-07-21T18:15:00-04:00,long,206.77,206.47775000000001,1.0,-0.2922499999999957,-0.2922499999999957,0.0,sl,10138,10157
2026-07-22T04:00:00-04:00,2026-07-22T06:00:00-04:00,short,204.92,205.4625,1.0,-0.5425000000000182,-0.5425000000000182,0.0,sl,10164,10172
2026-07-22T07:45:00-04:00,2026-07-22T09:15:00-04:00,short,204.89,205.66525,1.0,-0.7752499999999998,-0.7752499999999998,0.0,sl,10179,10185
2026-07-22T09:15:00-04:00,2026-07-22T11:45:00-04:00,long,205.75,212.95,1.0,7.199999999999989,7.199999999999989,0.0,tp,10185,10195
2026-07-22T17:00:00-04:00,2026-07-22T17:30:00-04:00,long,213.87,212.169875,1.0,-1.700125000000014,-1.700125000000014,0.0,sl,10216,10218
2026-07-22T17:30:00-04:00,2026-07-22T19:30:00-04:00,short,210.46,211.43300000000002,1.0,-0.9730000000000132,-0.9730000000000132,0.0,sl,10218,10226
2026-07-23T12:15:00-04:00,2026-07-23T14:00:00-04:00,long,209.64,208.363375,1.0,-1.2766249999999957,-1.2766249999999957,0.0,sl,10261,10268
2026-07-23T14:30:00-04:00,2026-07-23T16:00:00-04:00,short,207.68,209.142125,1.0,-1.4621249999999861,-1.4621249999999861,0.0,sl,10270,10276
2026-07-24T04:00:00-04:00,2026-07-24T04:30:00-04:00,short,207.06,207.663575,1.0,-0.6035750000000064,-0.6035750000000064,0.0,sl,10292,10294
2026-07-24T08:45:00-04:00,2026-07-24T11:45:00-04:00,short,207.96,210.1125,1.0,-2.1525000000000034,-2.1525000000000034,0.0,sl,10311,10323
2026-07-24T14:15:00-04:00,2026-07-24T18:00:00-04:00,short,207.82,206.805,1.0,1.0149999999999864,1.0149999999999864,0.0,tp,10333,10348
2026-07-27T18:00:00-04:00,2026-07-28T04:00:00-04:00,short,196.54,194.0755,1.0,2.464499999999987,2.464499999999987,0.0,tp,10412,10420
2026-07-28T09:30:00-04:00,2026-07-28T10:45:00-04:00,short,194.31,196.84225,1.0,-2.5322500000000048,-2.5322500000000048,0.0,sl,10442,10447
2026-07-28T18:30:00-04:00,2026-07-28T19:30:00-04:00,short,196.48,196.93,1.0,-0.45000000000001705,-0.45000000000001705,0.0,reverse,10478,10482
2026-07-28T19:30:00-04:00,2026-07-29T04:00:00-04:00,long,196.93,195.53525,1.0,-1.3947500000000161,-1.3947500000000161,0.0,sl,10482,10484
2026-07-29T04:00:00-04:00,2026-07-29T05:00:00-04:00,short,195.72,197.20575,1.0,-1.485749999999996,-1.485749999999996,0.0,sl,10484,10488
2026-07-29T05:00:00-04:00,2026-07-29T07:00:00-04:00,long,197.55,196.753925,1.0,-0.7960750000000019,-0.7960750000000019,0.0,sl,10488,10496
2026-07-29T08:15:00-04:00,2026-07-29T12:00:00-04:00,short,196.4,191.71250000000003,1.0,4.687499999999972,4.687499999999972,0.0,tp,10501,10516
2026-07-29T15:15:00-04:00,2026-07-29T17:30:00-04:00,short,193.35,189.38,1.0,3.969999999999999,3.969999999999999,0.0,tp,10529,10538
2026-07-30T09:30:00-04:00,2026-07-30T09:45:00-04:00,short,192.425,194.24675000000002,1.0,-1.8217500000000086,-1.8217500000000086,0.0,sl,10570,10571
2026-07-30T09:45:00-04:00,2026-07-30T11:30:00-04:00,long,195.51,193.281375,1.0,-2.228624999999994,-2.228624999999994,0.0,sl,10571,10578
2026-07-30T15:00:00-04:00,2026-07-30T19:30:00-04:00,long,194.59,196.37,1.0,1.7800000000000011,1.7800000000000011,0.0,tp,10592,10610
2026-07-31T09:15:00-04:00,2026-07-31T09:30:00-04:00,long,198.59,197.18125,1.0,-1.4087499999999977,-1.4087499999999977,0.0,sl,10633,10634
2026-07-31T10:00:00-04:00,2026-07-31T10:30:00-04:00,short,195.48,197.85999999999999,1.0,-2.3799999999999955,-2.3799999999999955,0.0,sl,10636,10638
2026-07-31T10:45:00-04:00,2026-07-31T11:30:00-04:00,long,198.12,195.4775,1.0,-2.6425000000000125,-2.6425000000000125,0.0,sl,10639,10642
2026-08-03T04:00:00-04:00,2026-08-03T04:15:00-04:00,long,200.86,199.95875,1.0,-0.9012500000000045,-0.9012500000000045,0.0,sl,10676,10677
2026-08-03T09:45:00-04:00,2026-08-03T12:00:00-04:00,long,202.27,206.51,1.0,4.239999999999981,4.239999999999981,0.0,tp,10699,10708
2026-08-04T04:00:00-04:00,2026-08-04T09:15:00-04:00,long,208.5,211.4125,1.0,2.9124999999999943,2.9124999999999943,0.0,tp,10740,10761
2026-08-04T13:30:00-04:00,2026-08-04T16:15:00-04:00,long,211.75,210.300125,1.0,-1.4498749999999916,-1.4498749999999916,0.0,sl,10778,10789
2026-08-04T16:45:00-04:00,2026-08-05T04:00:00-04:00,long,213.72,217.10000000000002,1.0,3.380000000000024,3.380000000000024,0.0,tp,10791,10804
2026-08-05T09:15:00-04:00,2026-08-05T12:45:00-04:00,long,216.78,221.21249999999998,1.0,4.432499999999976,4.432499999999976,0.0,tp,10825,10839
2026-08-05T14:15:00-04:00,2026-08-05T15:30:00-04:00,long,221.74,220.661125,1.0,-1.0788750000000107,-1.0788750000000107,0.0,sl,10845,10850
2026-08-05T18:30:00-04:00,2026-08-06T04:00:00-04:00,long,220.75,219.866425,1.0,-0.8835750000000075,-0.8835750000000075,0.0,sl,10862,10868
2026-08-06T04:00:00-04:00,2026-08-06T04:30:00-04:00,short,218.59,219.5315,1.0,-0.9414999999999907,-0.9414999999999907,0.0,sl,10868,10870
2026-08-06T06:00:00-04:00,2026-08-06T06:45:00-04:00,long,219.72,219.11275,1.0,-0.6072499999999934,-0.6072499999999934,0.0,sl,10876,10879
2026-08-06T10:15:00-04:00,2026-08-06T14:00:00-04:00,short,219.8,220.01,1.0,-0.20999999999997954,-0.20999999999997954,0.0,reverse,10893,10908
2026-08-06T14:00:00-04:00,2026-08-06T15:45:00-04:00,long,220.01,218.69575,1.0,-1.314249999999987,-1.314249999999987,0.0,sl,10908,10915
2026-08-06T15:45:00-04:00,2026-08-06T18:00:00-04:00,short,218.83,219.32875,1.0,-0.49875000000000114,-0.49875000000000114,0.0,sl,10915,10924
2026-08-06T18:00:00-04:00,2026-08-07T05:45:00-04:00,long,219.49,219.42,1.0,-0.0700000000000216,-0.0700000000000216,0.0,reverse,10924,10939
2026-08-07T05:45:00-04:00,2026-08-07T07:00:00-04:00,short,219.42,219.85225,1.0,-0.43225000000001046,-0.43225000000001046,0.0,sl,10939,10944
2026-08-07T07:00:00-04:00,2026-08-07T14:15:00-04:00,long,219.8,222.04750000000004,1.0,2.2475000000000307,2.2475000000000307,0.0,tp,10944,10973
2026-08-07T15:00:00-04:00,2026-08-07T19:00:00-04:00,long,222.83,223.70500000000004,1.0,0.8750000000000284,0.8750000000000284,0.0,tp,10976,10992
2026-08-10T15:45:00-04:00,2026-08-10T16:15:00-04:00,short,217.59,218.78175,1.0,-1.1917499999999848,-1.1917499999999848,0.0,sl,11043,11045
2026-08-10T19:45:00-04:00,2026-08-11T04:00:00-04:00,short,218.0,218.532,1.0,-0.5320000000000107,-0.5320000000000107,0.0,sl,11059,11060
2026-08-12T08:30:00-04:00,2026-08-12T12:45:00-04:00,long,220.46,223.6525,1.0,3.1924999999999955,3.1924999999999955,0.0,tp,11142,11159
2026-08-12T15:45:00-04:00,2026-08-12T18:00:00-04:00,long,224.13,223.7275,1.0,-0.4025000000000034,-0.4025000000000034,0.0,sl,11171,11180
2026-08-13T05:45:00-04:00,2026-08-13T07:15:00-04:00,long,224.21,223.74450000000002,1.0,-0.4654999999999916,-0.4654999999999916,0.0,sl,11195,11201
2026-08-13T09:00:00-04:00,2026-08-13T17:45:00-04:00,long,224.61,225.405,1.0,0.7949999999999875,0.7949999999999875,0.0,tp,11208,11243
2026-08-14T04:45:00-04:00,2026-08-14T08:00:00-04:00,long,225.72,225.22299999999998,1.0,-0.4970000000000141,-0.4970000000000141,0.0,sl,11255,11268
2026-08-14T09:15:00-04:00,2026-08-14T09:30:00-04:00,long,226.74,225.70575000000002,1.0,-1.034249999999986,-1.034249999999986,0.0,sl,11273,11274
